Date,Label,total_words,unique_words,repeated_words,repeated_word_ratio
2008-08-08,0,407,239,168,0.41277641277641275
2008-08-11,1,297,186,111,0.37373737373737376
2008-08-12,0,387,221,166,0.4289405684754522
2008-08-13,0,344,220,124,0.36046511627906974
2008-08-14,1,305,210,95,0.3114754098360656
2008-08-15,1,377,240,137,0.363395225464191
2008-08-18,0,285,193,92,0.32280701754385965
2008-08-19,0,305,208,97,0.3180327868852459
2008-08-20,1,353,233,120,0.33994334277620397
2008-08-21,1,354,251,103,0.2909604519774011
2008-08-22,1,348,234,114,0.3275862068965517
2008-08-25,0,304,219,85,0.27960526315789475
2008-08-26,1,294,216,78,0.2653061224489796
2008-08-27,1,315,211,104,0.33015873015873015
2008-08-28,1,258,170,88,0.34108527131782945
2008-08-29,0,303,208,95,0.31353135313531355
2008-09-02,0,370,241,129,0.34864864864864864
2008-09-03,1,306,215,91,0.2973856209150327
2008-09-04,0,337,217,120,0.3560830860534125
2008-09-05,1,349,243,106,0.3037249283667622
2008-09-08,1,336,210,126,0.375
2008-09-09,0,383,257,126,0.3289817232375979
2008-09-10,1,280,201,79,0.28214285714285714
2008-09-11,1,276,182,94,0.34057971014492755
2008-09-12,0,373,224,149,0.39946380697050937
2008-09-15,0,343,243,100,0.2915451895043732
2008-09-16,1,373,253,120,0.32171581769436997
2008-09-17,0,271,178,93,0.34317343173431736
2008-09-18,1,322,219,103,0.3198757763975155
2008-09-19,1,278,193,85,0.3057553956834532
2008-09-22,0,356,228,128,0.3595505617977528
2008-09-23,0,288,185,103,0.3576388888888889
2008-09-24,0,314,223,91,0.2898089171974522
2008-09-25,1,259,185,74,0.2857142857142857
2008-09-26,1,298,219,79,0.2651006711409396
2008-09-29,0,317,227,90,0.28391167192429023
2008-09-30,1,272,185,87,0.31985294117647056
2008-10-01,0,386,265,121,0.3134715025906736
2008-10-02,0,324,216,108,0.3333333333333333
2008-10-03,0,365,245,120,0.3287671232876712
2008-10-06,0,269,188,81,0.30111524163568776
2008-10-07,0,362,223,139,0.3839779005524862
2008-10-08,0,387,265,122,0.3152454780361757
2008-10-09,0,401,260,141,0.3516209476309227
2008-10-10,0,407,269,138,0.33906633906633904
2008-10-13,1,314,211,103,0.32802547770700635
2008-10-14,0,422,287,135,0.31990521327014215
2008-10-15,0,358,247,111,0.3100558659217877
2008-10-16,1,359,259,100,0.2785515320334262
2008-10-17,0,374,266,108,0.2887700534759358
2008-10-20,1,313,240,73,0.23322683706070288
2008-10-21,0,396,264,132,0.3333333333333333
2008-10-22,0,417,278,139,0.3333333333333333
2008-10-23,1,343,248,95,0.27696793002915454
2008-10-24,0,367,241,126,0.34332425068119893
2008-10-27,0,371,246,125,0.33692722371967654
2008-10-28,1,322,232,90,0.2795031055900621
2008-10-29,0,353,237,116,0.3286118980169972
2008-10-30,1,364,246,118,0.3241758241758242
2008-10-31,1,249,186,63,0.25301204819277107
2008-11-03,0,372,266,106,0.2849462365591398
2008-11-04,1,360,251,109,0.30277777777777776
2008-11-05,0,343,234,109,0.3177842565597668
2008-11-06,0,368,253,115,0.3125
2008-11-07,1,305,216,89,0.29180327868852457
2008-11-10,0,328,223,105,0.3201219512195122
2008-11-11,0,322,226,96,0.2981366459627329
2008-11-12,0,386,259,127,0.3290155440414508
2008-11-13,1,351,246,105,0.29914529914529914
2008-11-14,0,343,243,100,0.2915451895043732
2008-11-17,0,289,205,84,0.2906574394463668
2008-11-18,1,367,242,125,0.3405994550408719
2008-11-19,0,284,201,83,0.29225352112676056
2008-11-20,0,307,213,94,0.30618892508143325
2008-11-21,1,341,232,109,0.3196480938416422
2008-11-24,1,367,225,142,0.3869209809264305
2008-11-25,1,325,233,92,0.28307692307692306
2008-11-26,1,297,197,100,0.3367003367003367
2008-11-28,1,399,244,155,0.38847117794486213
2008-12-01,0,307,219,88,0.28664495114006516
2008-12-02,1,423,288,135,0.3191489361702128
2008-12-03,1,393,262,131,0.3333333333333333
2008-12-04,0,311,219,92,0.2958199356913183
2008-12-05,1,335,228,107,0.3194029850746269
2008-12-08,1,335,233,102,0.3044776119402985
2008-12-09,0,397,261,136,0.3425692695214106
2008-12-10,1,345,233,112,0.32463768115942027
2008-12-11,0,372,260,112,0.3010752688172043
2008-12-12,1,342,231,111,0.32456140350877194
2008-12-15,0,307,222,85,0.2768729641693811
2008-12-16,1,375,245,130,0.3466666666666667
2008-12-17,0,325,230,95,0.2923076923076923
2008-12-18,0,331,238,93,0.2809667673716012
2008-12-19,0,358,242,116,0.3240223463687151
2008-12-22,0,395,269,126,0.3189873417721519
2008-12-23,0,337,245,92,0.27299703264094954
2008-12-24,1,298,194,104,0.348993288590604
2008-12-26,1,377,234,143,0.3793103448275862
2008-12-29,0,324,213,111,0.3425925925925926
2008-12-30,1,420,271,149,0.3547619047619048
2008-12-31,1,357,230,127,0.3557422969187675
2009-01-02,1,303,211,92,0.30363036303630364
2009-01-05,0,408,240,168,0.4117647058823529
2009-01-06,1,414,250,164,0.3961352657004831
2009-01-07,0,447,260,187,0.41834451901565994
2009-01-08,0,365,221,144,0.39452054794520547
2009-01-09,0,417,266,151,0.36211031175059955
2009-01-12,0,440,271,169,0.3840909090909091
2009-01-13,0,364,238,126,0.34615384615384615
2009-01-14,0,395,234,161,0.40759493670886077
2009-01-15,1,400,253,147,0.3675
2009-01-16,1,489,270,219,0.44785276073619634
2009-01-20,0,336,219,117,0.3482142857142857
2009-01-21,1,373,252,121,0.32439678284182305
2009-01-22,0,384,247,137,0.3567708333333333
2009-01-23,0,357,235,122,0.34173669467787116
2009-01-26,1,425,272,153,0.36
2009-01-27,1,400,269,131,0.3275
2009-01-28,1,313,214,99,0.31629392971246006
2009-01-29,0,425,269,156,0.36705882352941177
2009-01-30,0,329,215,114,0.3465045592705167
2009-02-02,0,373,245,128,0.34316353887399464
2009-02-03,1,396,246,150,0.3787878787878788
2009-02-04,0,370,244,126,0.34054054054054056
2009-02-05,1,426,282,144,0.3380281690140845
2009-02-06,1,433,275,158,0.3648960739030023
2009-02-09,0,377,255,122,0.32360742705570295
2009-02-10,0,351,247,104,0.2962962962962963
2009-02-11,1,489,308,181,0.37014314928425357
2009-02-12,0,360,235,125,0.3472222222222222
2009-02-13,0,380,259,121,0.31842105263157894
2009-02-17,0,348,236,112,0.3218390804597701
2009-02-18,1,359,239,120,0.3342618384401114
2009-02-19,0,316,224,92,0.2911392405063291
2009-02-20,0,322,227,95,0.2950310559006211
2009-02-23,0,352,241,111,0.3153409090909091
2009-02-24,1,433,300,133,0.3071593533487298
2009-02-25,0,392,272,120,0.30612244897959184
2009-02-26,0,432,284,148,0.3425925925925926
2009-02-27,0,386,268,118,0.30569948186528495
2009-03-02,0,354,245,109,0.307909604519774
2009-03-03,0,393,256,137,0.3486005089058524
2009-03-04,1,370,266,104,0.2810810810810811
2009-03-05,0,462,316,146,0.31601731601731603
2009-03-06,1,391,257,134,0.34271099744245526
2009-03-09,0,365,248,117,0.32054794520547947
2009-03-10,1,371,240,131,0.353099730458221
2009-03-11,1,323,240,83,0.25696594427244585
2009-03-12,1,342,242,100,0.29239766081871343
2009-03-13,1,368,250,118,0.32065217391304346
2009-03-16,0,459,302,157,0.3420479302832244
2009-03-17,1,422,265,157,0.37203791469194314
2009-03-18,1,351,224,127,0.36182336182336183
2009-03-19,0,371,250,121,0.3261455525606469
2009-03-20,0,470,278,192,0.4085106382978723
2009-03-23,1,427,274,153,0.3583138173302108
2009-03-24,0,446,303,143,0.32062780269058294
2009-03-25,1,405,271,134,0.3308641975308642
2009-03-26,1,347,236,111,0.31988472622478387
2009-03-27,0,368,252,116,0.31521739130434784
2009-03-30,0,442,287,155,0.3506787330316742
2009-03-31,1,458,292,166,0.3624454148471616
2009-04-01,1,344,218,126,0.36627906976744184
2009-04-02,1,375,233,142,0.37866666666666665
2009-04-03,1,431,271,160,0.37122969837587005
2009-04-06,0,372,258,114,0.3064516129032258
2009-04-07,0,442,276,166,0.3755656108597285
2009-04-08,1,355,240,115,0.323943661971831
2009-04-09,1,448,296,152,0.3392857142857143
2009-04-13,0,342,236,106,0.30994152046783624
2009-04-14,0,425,273,152,0.35764705882352943
2009-04-15,1,379,246,133,0.35092348284960423
2009-04-16,1,431,280,151,0.3503480278422274
2009-04-17,1,353,246,107,0.3031161473087819
2009-04-20,0,452,288,164,0.36283185840707965
2009-04-21,1,388,260,128,0.32989690721649484
2009-04-22,0,440,301,139,0.3159090909090909
2009-04-23,1,479,316,163,0.34029227557411273
2009-04-24,1,361,261,100,0.2770083102493075
2009-04-27,0,374,232,142,0.37967914438502676
2009-04-28,0,446,287,159,0.35650224215246634
2009-04-29,1,411,288,123,0.29927007299270075
2009-04-30,0,384,262,122,0.3177083333333333
2009-05-01,1,543,356,187,0.3443830570902394
2009-05-04,1,464,317,147,0.3168103448275862
2009-05-05,0,411,283,128,0.31143552311435524
2009-05-06,1,381,268,113,0.29658792650918636
2009-05-07,0,400,278,122,0.305
2009-05-08,1,407,277,130,0.3194103194103194
2009-05-11,0,537,335,202,0.3761638733705773
2009-05-12,1,439,272,167,0.3804100227790433
2009-05-13,0,516,341,175,0.3391472868217054
2009-05-14,1,380,245,135,0.35526315789473684
2009-05-15,0,349,242,107,0.30659025787965616
2009-05-18,1,414,267,147,0.35507246376811596
2009-05-19,0,406,273,133,0.3275862068965517
2009-05-20,0,395,253,142,0.3594936708860759
2009-05-21,0,351,242,109,0.31054131054131057
2009-05-22,0,464,321,143,0.3081896551724138
2009-05-26,1,460,296,164,0.3565217391304348
2009-05-27,0,409,266,143,0.34963325183374083
2009-05-28,1,378,254,124,0.328042328042328
2009-05-29,1,481,316,165,0.34303534303534305
2009-06-01,1,398,258,140,0.35175879396984927
2009-06-02,1,465,293,172,0.36989247311827955
2009-06-03,0,371,250,121,0.3261455525606469
2009-06-04,1,456,319,137,0.30043859649122806
2009-06-05,1,378,254,124,0.328042328042328
2009-06-08,1,400,245,155,0.3875
2009-06-09,0,363,249,114,0.3140495867768595
2009-06-10,0,495,316,179,0.3616161616161616
2009-06-11,1,481,331,150,0.31185031185031187
2009-06-12,1,390,256,134,0.3435897435897436
2009-06-15,0,528,310,218,0.4128787878787879
2009-06-16,0,402,263,139,0.34577114427860695
2009-06-17,0,455,287,168,0.36923076923076925
2009-06-18,1,603,367,236,0.3913764510779436
2009-06-19,0,464,299,165,0.35560344827586204
2009-06-22,0,483,305,178,0.36853002070393376
2009-06-23,0,404,250,154,0.3811881188118812
2009-06-24,0,455,291,164,0.36043956043956044
2009-06-25,1,480,311,169,0.35208333333333336
2009-06-26,0,398,253,145,0.36432160804020103
2009-06-29,1,385,246,139,0.36103896103896105
2009-06-30,0,401,268,133,0.3316708229426434
2009-07-01,1,435,283,152,0.34942528735632183
2009-07-02,0,350,228,122,0.3485714285714286
2009-07-06,1,372,235,137,0.3682795698924731
2009-07-07,0,427,303,124,0.2903981264637002
2009-07-08,1,599,376,223,0.3722871452420701
2009-07-09,1,402,282,120,0.29850746268656714
2009-07-10,0,408,285,123,0.3014705882352941
2009-07-13,1,519,323,196,0.37764932562620424
2009-07-14,1,387,267,120,0.31007751937984496
2009-07-15,1,410,248,162,0.3951219512195122
2009-07-16,1,465,322,143,0.30752688172043013
2009-07-17,1,453,300,153,0.33774834437086093
2009-07-20,1,436,300,136,0.3119266055045872
2009-07-21,1,459,300,159,0.3464052287581699
2009-07-22,0,514,327,187,0.3638132295719844
2009-07-23,1,390,259,131,0.33589743589743587
2009-07-24,1,459,304,155,0.33769063180827885
2009-07-27,1,465,296,169,0.3634408602150538
2009-07-28,0,536,340,196,0.3656716417910448
2009-07-29,0,581,371,210,0.3614457831325301
2009-07-30,1,545,350,195,0.3577981651376147
2009-07-31,1,516,335,181,0.3507751937984496
2009-08-03,1,617,394,223,0.36142625607779577
2009-08-04,1,460,310,150,0.32608695652173914
2009-08-05,0,392,277,115,0.29336734693877553
2009-08-06,0,528,349,179,0.3390151515151515
2009-08-07,1,429,290,139,0.32400932400932403
2009-08-10,0,535,350,185,0.34579439252336447
2009-08-11,0,450,297,153,0.34
2009-08-12,1,403,278,125,0.31017369727047145
2009-08-13,1,537,337,200,0.37243947858473
2009-08-14,0,468,312,156,0.3333333333333333
2009-08-17,0,533,339,194,0.36397748592870544
2009-08-18,1,563,338,225,0.3996447602131439
2009-08-19,1,596,376,220,0.3691275167785235
2009-08-20,1,493,314,179,0.3630831643002028
2009-08-21,1,584,362,222,0.3801369863013699
2009-08-24,1,503,318,185,0.36779324055666
2009-08-25,1,406,272,134,0.33004926108374383
2009-08-26,1,375,249,126,0.336
2009-08-27,1,477,319,158,0.3312368972746331
2009-08-28,0,555,340,215,0.38738738738738737
2009-08-31,0,482,317,165,0.34232365145228216
2009-09-01,0,538,338,200,0.37174721189591076
2009-09-02,0,391,279,112,0.2864450127877238
2009-09-03,1,442,282,160,0.36199095022624433
2009-09-04,1,483,315,168,0.34782608695652173
2009-09-08,1,557,349,208,0.3734290843806104
2009-09-09,1,468,299,169,0.3611111111111111
2009-09-10,1,610,389,221,0.3622950819672131
2009-09-11,0,635,383,252,0.3968503937007874
2009-09-14,1,759,458,301,0.3965744400527009
2009-09-15,1,427,293,134,0.31381733021077285
2009-09-16,1,520,321,199,0.38269230769230766
2009-09-17,0,535,342,193,0.36074766355140186
2009-09-18,1,471,312,159,0.3375796178343949
2009-09-21,0,484,318,166,0.34297520661157027
2009-09-22,1,453,296,157,0.3465783664459161
2009-09-23,0,605,374,231,0.38181818181818183
2009-09-24,0,636,386,250,0.39308176100628933
2009-09-25,0,522,322,200,0.3831417624521073
2009-09-28,1,382,255,127,0.3324607329842932
2009-09-29,0,556,361,195,0.35071942446043164
2009-09-30,0,493,320,173,0.3509127789046653
2009-10-01,0,446,299,147,0.3295964125560538
2009-10-02,0,542,356,186,0.34317343173431736
2009-10-05,1,619,406,213,0.3441033925686591
2009-10-06,1,603,371,232,0.38474295190713104
2009-10-07,0,568,372,196,0.34507042253521125
2009-10-08,1,554,344,210,0.37906137184115524
2009-10-09,1,533,343,190,0.35647279549718575
2009-10-12,1,523,346,177,0.3384321223709369
2009-10-13,0,450,291,159,0.35333333333333333
2009-10-14,1,505,318,187,0.3702970297029703
2009-10-15,1,541,344,197,0.36414048059149723
2009-10-16,0,588,358,230,0.391156462585034
2009-10-19,1,641,386,255,0.39781591263650545
2009-10-20,0,452,281,171,0.37831858407079644
2009-10-21,0,631,392,239,0.3787638668779715
2009-10-22,1,533,340,193,0.3621013133208255
2009-10-23,0,624,380,244,0.391025641025641
2009-10-26,0,515,316,199,0.3864077669902913
2009-10-27,1,539,331,208,0.38589981447124305
2009-10-28,0,521,348,173,0.33205374280230326
2009-10-29,1,545,364,181,0.3321100917431193
2009-10-30,0,459,303,156,0.33986928104575165
2009-11-02,1,536,345,191,0.35634328358208955
2009-11-03,0,699,420,279,0.39914163090128757
2009-11-04,1,479,319,160,0.33402922755741127
2009-11-05,1,382,261,121,0.31675392670157065
2009-11-06,1,563,374,189,0.33570159857904086
2009-11-09,1,572,359,213,0.3723776223776224
2009-11-10,1,529,334,195,0.3686200378071834
2009-11-11,1,505,328,177,0.3504950495049505
2009-11-12,0,483,329,154,0.3188405797101449
2009-11-13,1,659,411,248,0.37632776934749623
2009-11-16,1,462,291,171,0.37012987012987014
2009-11-17,1,449,307,142,0.31625835189309576
2009-11-18,0,422,285,137,0.3246445497630332
2009-11-19,0,513,319,194,0.37816764132553604
2009-11-20,0,495,329,166,0.33535353535353535
2009-11-23,1,479,308,171,0.3569937369519833
2009-11-24,0,541,319,222,0.41035120147874304
2009-11-25,1,446,296,150,0.336322869955157
2009-11-27,0,470,315,155,0.32978723404255317
2009-11-30,1,525,344,181,0.34476190476190477
2009-12-01,1,595,374,221,0.37142857142857144
2009-12-02,0,530,342,188,0.35471698113207545
2009-12-03,0,415,290,125,0.30120481927710846
2009-12-04,1,454,284,170,0.3744493392070485
2009-12-07,1,490,319,171,0.3489795918367347
2009-12-08,0,413,273,140,0.3389830508474576
2009-12-09,1,414,277,137,0.3309178743961353
2009-12-10,1,518,331,187,0.361003861003861
2009-12-11,1,517,336,181,0.35009671179883944
2009-12-14,1,481,320,161,0.33471933471933474
2009-12-15,0,520,345,175,0.33653846153846156
2009-12-16,0,489,309,180,0.36809815950920244
2009-12-17,0,621,385,236,0.38003220611916266
2009-12-18,1,460,297,163,0.35434782608695653
2009-12-21,1,436,296,140,0.3211009174311927
2009-12-22,1,552,344,208,0.37681159420289856
2009-12-23,1,449,305,144,0.3207126948775056
2009-12-24,1,428,288,140,0.32710280373831774
2009-12-28,1,519,339,180,0.3468208092485549
2009-12-29,0,369,248,121,0.32791327913279134
2009-12-30,1,461,304,157,0.3405639913232104
2009-12-31,0,527,336,191,0.36242884250474383
2010-01-04,1,601,389,212,0.3527454242928453
2010-01-05,0,442,299,143,0.3235294117647059
2010-01-06,1,593,370,223,0.3760539629005059
2010-01-07,1,492,330,162,0.32926829268292684
2010-01-08,1,557,350,207,0.37163375224416517
2010-01-11,1,583,367,216,0.3704974271012007
2010-01-12,0,610,362,248,0.4065573770491803
2010-01-13,1,511,320,191,0.37377690802348335
2010-01-14,1,480,322,158,0.32916666666666666
2010-01-15,0,397,273,124,0.3123425692695214
2010-01-19,1,437,283,154,0.3524027459954233
2010-01-20,0,473,311,162,0.34249471458773784
2010-01-21,0,662,402,260,0.39274924471299094
2010-01-22,0,562,351,211,0.37544483985765126
2010-01-25,1,511,328,183,0.35812133072407043
2010-01-26,0,515,318,197,0.3825242718446602
2010-01-27,1,485,314,171,0.3525773195876289
2010-01-28,0,584,360,224,0.3835616438356164
2010-01-29,0,479,290,189,0.3945720250521921
2010-02-01,1,509,327,182,0.3575638506876228
2010-02-02,1,494,325,169,0.34210526315789475
2010-02-03,0,451,288,163,0.3614190687361419
2010-02-04,0,543,358,185,0.3406998158379374
2010-02-05,1,466,301,165,0.3540772532188841
2010-02-08,0,536,322,214,0.39925373134328357
2010-02-09,1,592,373,219,0.36993243243243246
2010-02-10,0,499,330,169,0.33867735470941884
2010-02-11,1,495,335,160,0.32323232323232326
2010-02-12,0,383,262,121,0.31592689295039167
2010-02-16,1,435,281,154,0.35402298850574715
2010-02-17,1,543,330,213,0.39226519337016574
2010-02-18,1,474,297,177,0.37341772151898733
2010-02-19,1,420,269,151,0.3595238095238095
2010-02-22,0,413,261,152,0.36803874092009686
2010-02-23,0,493,338,155,0.3144016227180527
2010-02-24,1,546,347,199,0.36446886446886445
2010-02-25,0,330,218,112,0.3393939393939394
2010-02-26,1,449,275,174,0.38752783964365256
2010-03-01,1,551,357,194,0.35208711433756806
2010-03-02,1,494,298,196,0.3967611336032389
2010-03-03,0,449,285,164,0.36525612472160357
2010-03-04,1,436,310,126,0.2889908256880734
2010-03-05,1,312,216,96,0.3076923076923077
2010-03-08,0,494,317,177,0.3582995951417004
2010-03-09,1,537,344,193,0.35940409683426444
2010-03-10,1,462,305,157,0.3398268398268398
2010-03-11,1,417,271,146,0.3501199040767386
2010-03-12,1,570,355,215,0.37719298245614036
2010-03-15,1,454,294,160,0.3524229074889868
2010-03-16,1,546,348,198,0.3626373626373626
2010-03-17,1,374,265,109,0.2914438502673797
2010-03-18,1,437,297,140,0.32036613272311215
2010-03-19,0,541,353,188,0.34750462107208874
2010-03-22,1,556,363,193,0.3471223021582734
2010-03-23,1,514,320,194,0.377431906614786
2010-03-24,0,543,347,196,0.36095764272559855
2010-03-25,1,478,291,187,0.3912133891213389
2010-03-26,1,392,265,127,0.3239795918367347
2010-03-29,1,431,280,151,0.3503480278422274
2010-03-30,1,518,329,189,0.36486486486486486
2010-03-31,0,407,260,147,0.36117936117936117
2010-04-01,1,466,314,152,0.3261802575107296
2010-04-05,1,431,251,180,0.4176334106728538
2010-04-06,0,533,345,188,0.3527204502814259
2010-04-07,0,439,286,153,0.34851936218678814
2010-04-08,1,492,320,172,0.34959349593495936
2010-04-09,1,518,325,193,0.37258687258687256
2010-04-12,1,445,306,139,0.31235955056179776
2010-04-13,1,386,254,132,0.34196891191709844
2010-04-14,1,454,306,148,0.32599118942731276
2010-04-15,1,464,290,174,0.375
2010-04-16,0,496,326,170,0.34274193548387094
2010-04-19,1,513,337,176,0.34307992202729043
2010-04-20,1,401,266,135,0.33665835411471323
2010-04-21,1,484,320,164,0.33884297520661155
2010-04-22,1,530,349,181,0.34150943396226413
2010-04-23,1,457,312,145,0.3172866520787746
2010-04-26,1,404,268,136,0.33663366336633666
2010-04-27,0,420,276,144,0.34285714285714286
2010-04-28,1,569,356,213,0.37434094903339193
2010-04-29,1,467,319,148,0.3169164882226981
2010-04-30,0,536,354,182,0.33955223880597013
2010-05-03,1,473,324,149,0.3150105708245243
2010-05-04,0,438,279,159,0.363013698630137
2010-05-05,0,481,301,180,0.37422037422037424
2010-05-06,0,463,294,169,0.3650107991360691
2010-05-07,0,468,293,175,0.37393162393162394
2010-05-10,1,501,326,175,0.34930139720558884
2010-05-11,0,417,287,130,0.3117505995203837
2010-05-12,1,491,310,181,0.36863543788187375
2010-05-13,0,521,352,169,0.32437619961612285
2010-05-14,0,458,318,140,0.3056768558951965
2010-05-17,1,431,272,159,0.3689095127610209
2010-05-18,0,586,366,220,0.37542662116040953
2010-05-19,0,539,340,199,0.3692022263450835
2010-05-20,0,429,287,142,0.331002331002331
2010-05-21,1,408,272,136,0.3333333333333333
2010-05-24,0,527,335,192,0.36432637571157495
2010-05-25,0,541,329,212,0.39186691312384475
2010-05-26,0,534,353,181,0.3389513108614232
2010-05-27,1,466,320,146,0.3133047210300429
2010-05-28,0,535,343,192,0.35887850467289717
2010-06-01,0,526,297,229,0.435361216730038
2010-06-02,1,588,350,238,0.40476190476190477
2010-06-03,1,428,269,159,0.37149532710280375
2010-06-04,0,622,367,255,0.409967845659164
2010-06-07,0,495,327,168,0.3393939393939394
2010-06-08,1,522,333,189,0.3620689655172414
2010-06-09,0,577,374,203,0.35181975736568455
2010-06-10,1,506,330,176,0.34782608695652173
2010-06-11,1,459,292,167,0.3638344226579521
2010-06-14,0,523,312,211,0.40344168260038243
2010-06-15,1,539,325,214,0.3970315398886827
2010-06-16,1,499,315,184,0.3687374749498998
2010-06-17,1,420,291,129,0.30714285714285716
2010-06-18,1,600,364,236,0.3933333333333333
2010-06-21,0,543,344,199,0.3664825046040516
2010-06-22,0,599,381,218,0.3639398998330551
2010-06-23,1,487,319,168,0.34496919917864477
2010-06-24,0,456,308,148,0.32456140350877194
2010-06-25,0,517,319,198,0.3829787234042553
2010-06-28,0,522,329,193,0.36973180076628354
2010-06-29,0,474,309,165,0.34810126582278483
2010-06-30,0,518,345,173,0.333976833976834
2010-07-01,0,449,308,141,0.31403118040089084
2010-07-02,0,528,323,205,0.38825757575757575
2010-07-06,1,459,312,147,0.3202614379084967
2010-07-07,1,466,320,146,0.3133047210300429
2010-07-08,1,474,325,149,0.3143459915611814
2010-07-09,1,392,268,124,0.3163265306122449
2010-07-12,1,494,322,172,0.3481781376518219
2010-07-13,1,515,331,184,0.3572815533980582
2010-07-14,1,530,362,168,0.3169811320754717
2010-07-15,0,587,368,219,0.3730834752981261
2010-07-16,0,561,362,199,0.35472370766488415
2010-07-19,1,507,332,175,0.34516765285996054
2010-07-20,1,533,346,187,0.350844277673546
2010-07-21,0,496,326,170,0.34274193548387094
2010-07-22,1,434,302,132,0.30414746543778803
2010-07-23,1,460,315,145,0.31521739130434784
2010-07-26,1,562,348,214,0.3807829181494662
2010-07-27,1,498,299,199,0.39959839357429716
2010-07-28,0,436,311,125,0.286697247706422
2010-07-29,0,487,315,172,0.3531827515400411
2010-07-30,0,485,331,154,0.31752577319587627
2010-08-02,1,508,339,169,0.33267716535433073
2010-08-03,0,507,345,162,0.31952662721893493
2010-08-04,1,347,245,102,0.29394812680115273
2010-08-05,0,461,320,141,0.30585683297180044
2010-08-06,0,388,268,120,0.30927835051546393
2010-08-09,1,515,334,181,0.35145631067961164
2010-08-10,0,532,342,190,0.35714285714285715
2010-08-11,0,372,276,96,0.25806451612903225
2010-08-12,0,433,316,117,0.2702078521939954
2010-08-13,0,463,307,156,0.3369330453563715
2010-08-16,0,470,325,145,0.30851063829787234
2010-08-17,1,402,286,116,0.2885572139303483
2010-08-18,1,391,262,129,0.329923273657289
2010-08-19,0,480,338,142,0.29583333333333334
2010-08-20,0,456,301,155,0.3399122807017544
2010-08-23,0,471,317,154,0.32696390658174096
2010-08-24,0,540,333,207,0.38333333333333336
2010-08-25,1,429,285,144,0.3356643356643357
2010-08-26,0,284,227,57,0.2007042253521127
2010-08-27,1,428,306,122,0.2850467289719626
2010-08-30,0,433,296,137,0.3163972286374134
2010-08-31,1,490,320,170,0.3469387755102041
2010-09-01,1,463,331,132,0.28509719222462204
2010-09-02,1,513,345,168,0.32748538011695905
2010-09-03,1,441,306,135,0.30612244897959184
2010-09-07,0,498,339,159,0.3192771084337349
2010-09-08,1,461,321,140,0.3036876355748373
2010-09-09,1,351,262,89,0.2535612535612536
2010-09-10,1,539,358,181,0.3358070500927644
2010-09-13,1,451,308,143,0.3170731707317073
2010-09-14,0,416,301,115,0.2764423076923077
2010-09-15,1,363,258,105,0.2892561983471074
2010-09-16,1,545,351,194,0.3559633027522936
2010-09-17,1,559,372,187,0.334525939177102
2010-09-20,1,577,368,209,0.36221837088388215
2010-09-21,1,368,261,107,0.2907608695652174
2010-09-22,0,404,272,132,0.32673267326732675
2010-09-23,0,508,323,185,0.3641732283464567
2010-09-24,1,602,369,233,0.38704318936877075
2010-09-27,0,503,338,165,0.32803180914512925
2010-09-28,1,435,294,141,0.32413793103448274
2010-09-29,0,346,256,90,0.26011560693641617
2010-09-30,0,418,289,129,0.30861244019138756
2010-10-01,1,467,314,153,0.32762312633832974
2010-10-04,0,544,358,186,0.34191176470588236
2010-10-05,1,478,308,170,0.35564853556485354
2010-10-06,1,696,431,265,0.3807471264367816
2010-10-07,0,497,352,145,0.2917505030181087
2010-10-08,1,487,332,155,0.3182751540041068
2010-10-11,1,626,403,223,0.3562300319488818
2010-10-12,1,549,366,183,0.3333333333333333
2010-10-13,1,488,330,158,0.3237704918032787
2010-10-14,0,534,373,161,0.301498127340824
2010-10-15,0,503,328,175,0.34791252485089463
2010-10-18,1,477,315,162,0.33962264150943394
2010-10-19,0,496,327,169,0.3407258064516129
2010-10-20,1,514,328,186,0.36186770428015563
2010-10-21,1,481,342,139,0.288981288981289
2010-10-22,0,427,314,113,0.2646370023419204
2010-10-25,1,426,289,137,0.3215962441314554
2010-10-26,1,506,327,179,0.35375494071146246
2010-10-27,0,443,321,122,0.27539503386004516
2010-10-28,0,405,288,117,0.28888888888888886
2010-10-29,1,472,324,148,0.3135593220338983
2010-11-01,1,478,336,142,0.29707112970711297
2010-11-02,1,538,360,178,0.3308550185873606
2010-11-03,1,501,337,164,0.3273453093812375
2010-11-04,1,513,337,176,0.34307992202729043
2010-11-05,1,622,399,223,0.35852090032154343
2010-11-08,0,518,355,163,0.31467181467181465
2010-11-09,0,508,355,153,0.30118110236220474
2010-11-10,1,552,348,204,0.3695652173913043
2010-11-11,0,542,370,172,0.3173431734317343
2010-11-12,0,489,326,163,0.3333333333333333
2010-11-15,1,494,329,165,0.3340080971659919
2010-11-16,0,470,324,146,0.31063829787234043
2010-11-17,0,536,357,179,0.333955223880597
2010-11-18,1,419,292,127,0.3031026252983294
2010-11-19,1,520,350,170,0.3269230769230769
2010-11-22,0,473,329,144,0.3044397463002114
2010-11-23,0,485,294,191,0.3938144329896907
2010-11-24,1,455,294,161,0.35384615384615387
2010-11-26,0,532,332,200,0.37593984962406013
2010-11-29,0,509,321,188,0.3693516699410609
2010-11-30,0,553,330,223,0.40325497287522605
2010-12-01,1,408,268,140,0.3431372549019608
2010-12-02,1,447,304,143,0.319910514541387
2010-12-03,1,491,323,168,0.3421588594704684
2010-12-06,0,611,372,239,0.3911620294599018
2010-12-07,0,559,339,220,0.3935599284436494
2010-12-08,1,460,304,156,0.3391304347826087
2010-12-09,0,587,383,204,0.3475298126064736
2010-12-10,1,388,275,113,0.2912371134020619
2010-12-13,1,460,300,160,0.34782608695652173
2010-12-14,1,426,295,131,0.3075117370892019
2010-12-15,0,469,327,142,0.302771855010661
2010-12-16,1,441,311,130,0.2947845804988662
2010-12-17,0,504,315,189,0.375
2010-12-20,0,494,335,159,0.32186234817813764
2010-12-21,1,532,351,181,0.34022556390977443
2010-12-22,1,416,295,121,0.29086538461538464
2010-12-23,1,527,372,155,0.29411764705882354
2010-12-27,0,654,410,244,0.3730886850152905
2010-12-28,1,501,337,164,0.3273453093812375
2010-12-29,1,495,331,164,0.33131313131313134
2010-12-30,0,481,325,156,0.32432432432432434
2010-12-31,1,675,443,232,0.3437037037037037
2011-01-03,1,611,403,208,0.3404255319148936
2011-01-04,1,504,345,159,0.31547619047619047
2011-01-05,1,607,360,247,0.40691927512355847
2011-01-06,0,393,277,116,0.2951653944020356
2011-01-07,0,566,373,193,0.3409893992932862
2011-01-10,0,556,360,196,0.35251798561151076
2011-01-11,1,419,282,137,0.3269689737470167
2011-01-12,1,547,362,185,0.3382084095063985
2011-01-13,0,384,295,89,0.23177083333333334
2011-01-14,1,437,293,144,0.3295194508009153
2011-01-18,1,484,334,150,0.30991735537190085
2011-01-19,0,481,330,151,0.31392931392931395
2011-01-20,0,553,389,164,0.2965641952983725
2011-01-21,1,567,372,195,0.3439153439153439
2011-01-24,1,428,288,140,0.32710280373831774
2011-01-25,0,376,254,122,0.324468085106383
2011-01-26,1,357,215,142,0.39775910364145656
2011-01-27,1,553,323,230,0.4159132007233273
2011-01-28,0,405,236,169,0.41728395061728396
2011-01-31,1,399,248,151,0.37844611528822053
2011-02-01,1,555,320,235,0.42342342342342343
2011-02-02,1,465,276,189,0.4064516129032258
2011-02-03,1,476,298,178,0.3739495798319328
2011-02-04,1,448,297,151,0.33705357142857145
2011-02-07,1,432,285,147,0.3402777777777778
2011-02-08,1,453,297,156,0.3443708609271523
2011-02-09,1,388,264,124,0.31958762886597936
2011-02-10,0,505,325,180,0.3564356435643564
2011-02-11,1,391,247,144,0.36828644501278773
2011-02-14,0,435,276,159,0.36551724137931035
2011-02-15,0,409,277,132,0.32273838630806845
2011-02-16,1,434,283,151,0.347926267281106
2011-02-17,1,415,265,150,0.3614457831325301
2011-02-18,1,471,302,169,0.35881104033970274
2011-02-22,0,406,260,146,0.35960591133004927
2011-02-23,0,418,289,129,0.30861244019138756
2011-02-24,0,400,269,131,0.3275
2011-02-25,1,400,243,157,0.3925
2011-02-28,1,430,316,114,0.2651162790697674
2011-03-01,0,516,341,175,0.3391472868217054
2011-03-02,1,513,342,171,0.3333333333333333
2011-03-03,1,482,339,143,0.2966804979253112
2011-03-04,0,454,315,139,0.30616740088105726
2011-03-07,0,390,272,118,0.30256410256410254
2011-03-08,1,551,349,202,0.3666061705989111
2011-03-09,0,479,329,150,0.31315240083507306
2011-03-10,0,305,212,93,0.30491803278688523
2011-03-11,1,362,229,133,0.3674033149171271
2011-03-14,0,509,328,181,0.3555992141453831
2011-03-15,0,537,349,188,0.3500931098696462
2011-03-16,0,575,329,246,0.42782608695652175
2011-03-17,1,477,314,163,0.3417190775681342
2011-03-18,1,379,270,109,0.287598944591029
2011-03-21,1,373,273,100,0.2680965147453083
2011-03-22,0,468,310,158,0.33760683760683763
2011-03-23,1,424,295,129,0.30424528301886794
2011-03-24,1,456,316,140,0.30701754385964913
2011-03-25,1,468,302,166,0.3547008547008547
2011-03-28,0,466,319,147,0.315450643776824
2011-03-29,1,371,273,98,0.2641509433962264
2011-03-30,1,420,297,123,0.29285714285714287
2011-03-31,0,429,302,127,0.29603729603729606
2011-04-01,1,412,280,132,0.32038834951456313
2011-04-04,1,441,299,142,0.3219954648526077
2011-04-05,0,372,274,98,0.26344086021505375
2011-04-06,1,553,361,192,0.3471971066907776
2011-04-07,0,495,347,148,0.298989898989899
2011-04-08,0,498,332,166,0.3333333333333333
2011-04-11,1,341,259,82,0.2404692082111437
2011-04-12,0,386,240,146,0.37823834196891193
2011-04-13,1,459,323,136,0.2962962962962963
2011-04-14,1,395,286,109,0.2759493670886076
2011-04-15,1,391,273,118,0.30179028132992325
2011-04-18,0,381,284,97,0.2545931758530184
2011-04-19,1,408,292,116,0.28431372549019607
2011-04-20,1,398,298,100,0.25125628140703515
2011-04-21,1,291,222,69,0.23711340206185566
2011-04-25,0,441,299,142,0.3219954648526077
2011-04-26,1,582,403,179,0.3075601374570447
2011-04-27,1,421,286,135,0.32066508313539194
2011-04-28,1,456,322,134,0.29385964912280704
2011-04-29,1,464,312,152,0.3275862068965517
2011-05-02,0,415,268,147,0.3542168674698795
2011-05-03,1,321,243,78,0.24299065420560748
2011-05-04,0,412,273,139,0.33737864077669905
2011-05-05,0,472,269,203,0.4300847457627119
2011-05-06,1,499,314,185,0.37074148296593185
2011-05-09,1,550,375,175,0.3181818181818182
2011-05-10,1,487,334,153,0.3141683778234086
2011-05-11,0,430,297,133,0.30930232558139537
2011-05-12,1,531,359,172,0.3239171374764595
2011-05-13,0,486,329,157,0.3230452674897119
2011-05-16,0,481,323,158,0.3284823284823285
2011-05-17,0,436,301,135,0.30963302752293576
2011-05-18,1,486,334,152,0.31275720164609055
2011-05-19,1,376,278,98,0.26063829787234044
2011-05-20,0,413,282,131,0.3171912832929782
2011-05-23,0,473,329,144,0.3044397463002114
2011-05-24,0,378,250,128,0.3386243386243386
2011-05-25,1,509,344,165,0.3241650294695481
2011-05-26,1,506,331,175,0.3458498023715415
2011-05-27,1,443,294,149,0.3363431151241535
2011-05-31,1,356,270,86,0.24157303370786518
2011-06-01,0,607,388,219,0.36079077429983525
2011-06-02,0,508,341,167,0.328740157480315
2011-06-03,0,408,295,113,0.2769607843137255
2011-06-06,0,415,304,111,0.2674698795180723
2011-06-07,0,466,319,147,0.315450643776824
2011-06-08,0,418,307,111,0.26555023923444976
2011-06-09,1,398,277,121,0.30402010050251255
2011-06-10,0,422,288,134,0.3175355450236967
2011-06-13,1,429,286,143,0.3333333333333333
2011-06-14,1,472,327,145,0.3072033898305085
2011-06-15,0,459,310,149,0.32461873638344224
2011-06-16,1,399,286,113,0.2832080200501253
2011-06-17,1,420,292,128,0.3047619047619048
2011-06-20,1,514,333,181,0.3521400778210117
2011-06-21,1,436,297,139,0.31880733944954126
2011-06-22,0,380,272,108,0.28421052631578947
2011-06-23,0,562,395,167,0.297153024911032
2011-06-24,0,463,324,139,0.3002159827213823
2011-06-27,1,605,412,193,0.31900826446280994
2011-06-28,1,443,303,140,0.3160270880361174
2011-06-29,1,456,325,131,0.28728070175438597
2011-06-30,1,370,267,103,0.27837837837837837
2011-07-01,1,446,303,143,0.32062780269058294
2011-07-05,0,443,307,136,0.30699774266365687
2011-07-06,1,439,304,135,0.30751708428246016
2011-07-07,1,500,315,185,0.37
2011-07-08,0,455,298,157,0.34505494505494505
2011-07-11,0,501,340,161,0.3213572854291417
2011-07-12,0,518,328,190,0.3667953667953668
2011-07-13,1,532,338,194,0.36466165413533835
2011-07-14,0,416,299,117,0.28125
2011-07-15,1,402,292,110,0.2736318407960199
2011-07-18,0,406,266,140,0.3448275862068966
2011-07-19,1,448,319,129,0.28794642857142855
2011-07-20,0,595,388,207,0.34789915966386553
2011-07-21,1,345,254,91,0.263768115942029
2011-07-22,0,314,217,97,0.3089171974522293
2011-07-25,0,498,323,175,0.3514056224899598
2011-07-26,0,566,342,224,0.3957597173144876
2011-07-27,0,416,297,119,0.2860576923076923
2011-07-28,0,416,299,117,0.28125
2011-07-29,0,371,275,96,0.2587601078167116
2011-08-01,0,438,294,144,0.3287671232876712
2011-08-02,0,443,308,135,0.3047404063205418
2011-08-03,1,418,299,119,0.284688995215311
2011-08-04,0,511,339,172,0.33659491193737767
2011-08-05,1,380,281,99,0.26052631578947366
2011-08-08,0,437,308,129,0.2951945080091533
2011-08-09,1,447,292,155,0.34675615212527966
2011-08-10,0,502,324,178,0.3545816733067729
2011-08-11,1,427,291,136,0.3185011709601874
2011-08-12,1,504,333,171,0.3392857142857143
2011-08-15,1,351,250,101,0.28774928774928776
2011-08-16,0,396,273,123,0.3106060606060606
2011-08-17,1,579,392,187,0.3229706390328152
2011-08-18,0,478,332,146,0.3054393305439331
2011-08-19,0,481,323,158,0.3284823284823285
2011-08-22,1,318,235,83,0.2610062893081761
2011-08-23,1,489,328,161,0.3292433537832311
2011-08-24,1,554,364,190,0.34296028880866425
2011-08-25,0,365,275,90,0.2465753424657534
2011-08-26,1,523,352,171,0.32695984703632885
2011-08-29,1,416,312,104,0.25
2011-08-30,1,457,307,150,0.3282275711159737
2011-08-31,1,481,329,152,0.316008316008316
2011-09-01,0,501,348,153,0.30538922155688625
2011-09-02,0,461,322,139,0.30151843817787416
2011-09-06,0,494,332,162,0.32793522267206476
2011-09-07,1,448,321,127,0.28348214285714285
2011-09-08,0,547,361,186,0.340036563071298
2011-09-09,0,516,346,170,0.32945736434108525
2011-09-12,1,411,286,125,0.30413625304136255
2011-09-13,1,521,356,165,0.31669865642994244
2011-09-14,1,394,289,105,0.26649746192893403
2011-09-15,1,520,356,164,0.3153846153846154
2011-09-16,1,490,342,148,0.3020408163265306
2011-09-19,0,604,385,219,0.36258278145695366
2011-09-20,1,511,331,180,0.3522504892367906
2011-09-21,0,433,307,126,0.2909930715935335
2011-09-22,0,502,342,160,0.3187250996015936
2011-09-23,1,382,252,130,0.3403141361256545
2011-09-26,1,472,330,142,0.3008474576271186
2011-09-27,1,425,289,136,0.32
2011-09-28,0,375,273,102,0.272
2011-09-29,1,490,329,161,0.32857142857142857
2011-09-30,0,459,324,135,0.29411764705882354
2011-10-03,0,455,316,139,0.3054945054945055
2011-10-04,1,374,275,99,0.2647058823529412
2011-10-05,1,427,314,113,0.2646370023419204
2011-10-06,1,439,319,120,0.2733485193621868
2011-10-07,0,534,361,173,0.32397003745318353
2011-10-10,1,465,321,144,0.3096774193548387
2011-10-11,0,375,265,110,0.29333333333333333
2011-10-12,1,548,355,193,0.3521897810218978
2011-10-13,0,523,357,166,0.3173996175908222
2011-10-14,1,473,344,129,0.2727272727272727
2011-10-17,0,470,335,135,0.2872340425531915
2011-10-18,1,566,376,190,0.33568904593639576
2011-10-19,0,468,313,155,0.3311965811965812
2011-10-20,1,607,387,220,0.3624382207578254
2011-10-21,1,446,302,144,0.32286995515695066
2011-10-24,1,417,312,105,0.2517985611510791
2011-10-25,0,382,266,116,0.3036649214659686
2011-10-26,1,519,349,170,0.32755298651252407
2011-10-27,1,343,251,92,0.26822157434402333
2011-10-28,1,467,337,130,0.278372591006424
2011-10-31,0,421,276,145,0.34441805225653205
2011-11-01,0,403,271,132,0.32754342431761785
2011-11-02,1,346,251,95,0.2745664739884393
2011-11-03,1,524,345,179,0.3416030534351145
2011-11-04,0,434,301,133,0.3064516129032258
2011-11-07,1,503,335,168,0.33399602385685884
2011-11-08,1,484,325,159,0.3285123966942149
2011-11-09,0,505,338,167,0.3306930693069307
2011-11-10,1,575,387,188,0.3269565217391304
2011-11-11,1,493,339,154,0.31237322515212984
2011-11-14,0,509,344,165,0.3241650294695481
2011-11-15,1,465,332,133,0.2860215053763441
2011-11-16,0,470,337,133,0.28297872340425534
2011-11-17,0,635,395,240,0.3779527559055118
2011-11-18,1,447,312,135,0.30201342281879195
2011-11-21,0,512,330,182,0.35546875
2011-11-22,0,496,336,160,0.3225806451612903
2011-11-23,0,538,349,189,0.3513011152416357
2011-11-25,0,453,324,129,0.2847682119205298
2011-11-28,1,486,349,137,0.28189300411522633
2011-11-29,1,522,341,181,0.34674329501915707
2011-11-30,1,552,357,195,0.3532608695652174
2011-12-01,0,533,353,180,0.33771106941838647
2011-12-02,0,457,317,140,0.3063457330415755
2011-12-05,1,598,408,190,0.3177257525083612
2011-12-06,1,575,380,195,0.3391304347826087
2011-12-07,1,432,303,129,0.2986111111111111
2011-12-08,0,563,364,199,0.35346358792184723
2011-12-09,1,432,297,135,0.3125
2011-12-12,0,515,340,175,0.33980582524271846
2011-12-13,0,446,297,149,0.33408071748878926
2011-12-14,0,571,376,195,0.3415061295971979
2011-12-15,1,471,325,146,0.3099787685774947
2011-12-16,0,358,246,112,0.3128491620111732
2011-12-19,0,372,242,130,0.34946236559139787
2011-12-20,1,562,373,189,0.33629893238434166
2011-12-21,1,413,274,139,0.3365617433414044
2011-12-22,1,574,394,180,0.313588850174216
2011-12-23,1,542,363,179,0.33025830258302585
2011-12-27,0,375,264,111,0.296
2011-12-28,0,479,297,182,0.37995824634655534
2011-12-29,1,487,336,151,0.31006160164271046
2011-12-30,0,444,305,139,0.3130630630630631
2012-01-03,1,516,350,166,0.32170542635658916
2012-01-04,1,543,351,192,0.35359116022099446
2012-01-05,0,580,396,184,0.31724137931034485
2012-01-06,0,355,255,100,0.28169014084507044
2012-01-09,1,470,319,151,0.32127659574468087
2012-01-10,1,484,343,141,0.29132231404958675
2012-01-11,0,411,288,123,0.29927007299270075
2012-01-12,1,455,317,138,0.3032967032967033
2012-01-13,0,406,287,119,0.29310344827586204
2012-01-17,1,532,341,191,0.35902255639097747
2012-01-18,1,474,321,153,0.3227848101265823
2012-01-19,1,488,352,136,0.2786885245901639
2012-01-20,1,356,267,89,0.25
2012-01-23,0,505,338,167,0.3306930693069307
2012-01-24,0,417,294,123,0.2949640287769784
2012-01-25,1,524,369,155,0.2958015267175573
2012-01-26,0,479,318,161,0.33611691022964507
2012-01-27,0,401,308,93,0.23192019950124687
2012-01-30,0,351,268,83,0.23646723646723647
2012-01-31,0,403,288,115,0.2853598014888337
2012-02-01,1,435,305,130,0.2988505747126437
2012-02-02,0,394,293,101,0.2563451776649746
2012-02-03,1,430,310,120,0.27906976744186046
2012-02-06,0,535,356,179,0.33457943925233646
2012-02-07,1,485,335,150,0.30927835051546393
2012-02-08,1,503,344,159,0.31610337972166996
2012-02-09,1,498,339,159,0.3192771084337349
2012-02-10,0,431,314,117,0.271461716937355
2012-02-13,1,421,290,131,0.31116389548693585
2012-02-14,1,527,366,161,0.3055028462998102
2012-02-15,0,396,271,125,0.31565656565656564
2012-02-16,1,506,333,173,0.34189723320158105
2012-02-17,1,448,302,146,0.32589285714285715
2012-02-21,1,520,343,177,0.3403846153846154
2012-02-22,0,315,209,106,0.33650793650793653
2012-02-23,1,408,287,121,0.2965686274509804
2012-02-24,0,485,348,137,0.2824742268041237
2012-02-27,0,521,357,164,0.31477927063339733
2012-02-28,1,405,298,107,0.2641975308641975
2012-02-29,0,562,364,198,0.35231316725978645
2012-03-01,1,561,393,168,0.2994652406417112
2012-03-02,0,520,356,164,0.3153846153846154
2012-03-05,0,536,359,177,0.3302238805970149
2012-03-06,0,396,286,110,0.2777777777777778
2012-03-07,1,498,336,162,0.3253012048192771
2012-03-08,1,446,316,130,0.2914798206278027
2012-03-09,1,424,302,122,0.28773584905660377
2012-03-12,1,423,308,115,0.2718676122931442
2012-03-13,1,453,319,134,0.2958057395143488
2012-03-14,1,491,345,146,0.2973523421588595
2012-03-15,1,556,382,174,0.3129496402877698
2012-03-16,0,681,438,243,0.3568281938325991
2012-03-19,1,466,324,142,0.30472103004291845
2012-03-20,0,494,340,154,0.3117408906882591
2012-03-21,0,450,315,135,0.3
2012-03-22,0,474,334,140,0.29535864978902954
2012-03-23,1,420,301,119,0.2833333333333333
2012-03-26,1,463,320,143,0.30885529157667385
2012-03-27,0,543,340,203,0.3738489871086556
2012-03-28,0,586,365,221,0.3771331058020478
2012-03-29,1,387,283,104,0.268733850129199
2012-03-30,1,524,350,174,0.3320610687022901
2012-04-02,1,468,327,141,0.30128205128205127
2012-04-03,0,445,314,131,0.2943820224719101
2012-04-04,0,443,311,132,0.2979683972911964
2012-04-05,0,443,309,134,0.30248306997742663
2012-04-09,0,438,305,133,0.3036529680365297
2012-04-10,0,385,283,102,0.2649350649350649
2012-04-11,1,485,335,150,0.30927835051546393
2012-04-12,1,453,325,128,0.282560706401766
2012-04-13,0,439,302,137,0.3120728929384966
2012-04-16,1,630,383,247,0.39206349206349206
2012-04-17,1,526,357,169,0.32129277566539927
2012-04-18,0,351,262,89,0.2535612535612536
2012-04-19,0,492,340,152,0.3089430894308943
2012-04-20,1,468,307,161,0.344017094017094
2012-04-23,0,492,336,156,0.3170731707317073
2012-04-24,1,504,340,164,0.3253968253968254
2012-04-25,1,352,256,96,0.2727272727272727
2012-04-26,1,484,321,163,0.3367768595041322
2012-04-27,1,459,320,139,0.3028322440087146
2012-04-30,0,403,294,109,0.2704714640198511
2012-05-01,1,548,372,176,0.32116788321167883
2012-05-02,0,437,325,112,0.2562929061784897
2012-05-03,0,533,356,177,0.3320825515947467
2012-05-04,0,487,348,139,0.28542094455852157
2012-05-07,0,420,281,139,0.33095238095238094
2012-05-08,0,423,296,127,0.30023640661938533
2012-05-09,0,426,312,114,0.2676056338028169
2012-05-10,1,576,378,198,0.34375
2012-05-11,0,555,377,178,0.3207207207207207
2012-05-14,0,577,368,209,0.36221837088388215
2012-05-15,0,482,341,141,0.2925311203319502
2012-05-16,0,501,335,166,0.3313373253493014
2012-05-17,0,544,346,198,0.3639705882352941
2012-05-18,0,511,352,159,0.3111545988258317
2012-05-21,1,512,363,149,0.291015625
2012-05-22,0,485,327,158,0.32577319587628867
2012-05-23,0,523,358,165,0.3154875717017208
2012-05-24,1,465,303,162,0.34838709677419355
2012-05-25,0,350,276,74,0.21142857142857144
2012-05-29,1,431,302,129,0.29930394431554525
2012-05-30,0,470,333,137,0.29148936170212764
2012-05-31,0,336,249,87,0.25892857142857145
2012-06-01,0,506,330,176,0.34782608695652173
2012-06-04,0,471,336,135,0.28662420382165604
2012-06-05,1,426,301,125,0.2934272300469484
2012-06-06,1,562,377,185,0.3291814946619217
2012-06-07,1,419,305,114,0.2720763723150358
2012-06-08,1,373,276,97,0.26005361930294907
2012-06-11,0,442,305,137,0.30995475113122173
2012-06-12,1,385,263,122,0.3168831168831169
2012-06-13,0,487,342,145,0.29774127310061604
2012-06-14,1,387,282,105,0.2713178294573643
2012-06-15,1,467,327,140,0.29978586723768735
2012-06-18,0,518,371,147,0.28378378378378377
2012-06-19,1,492,346,146,0.2967479674796748
2012-06-20,0,490,323,167,0.3408163265306122
2012-06-21,0,578,390,188,0.32525951557093424
2012-06-22,1,495,347,148,0.298989898989899
2012-06-25,0,487,336,151,0.31006160164271046
2012-06-26,1,554,359,195,0.351985559566787
2012-06-27,1,558,359,199,0.35663082437275984
2012-06-28,0,442,312,130,0.29411764705882354
2012-06-29,1,521,351,170,0.32629558541266795
2012-07-02,0,458,321,137,0.29912663755458513
2012-07-03,1,461,325,136,0.2950108459869848
2012-07-05,0,493,338,155,0.3144016227180527
2012-07-06,0,510,360,150,0.29411764705882354
2012-07-09,0,494,348,146,0.29554655870445345
2012-07-10,0,465,323,142,0.3053763440860215
2012-07-11,0,407,288,119,0.29238329238329236
2012-07-12,0,406,285,121,0.29802955665024633
2012-07-13,1,409,289,120,0.293398533007335
2012-07-16,0,540,360,180,0.3333333333333333
2012-07-17,1,461,317,144,0.3123644251626898
2012-07-18,1,414,303,111,0.26811594202898553
2012-07-19,1,487,357,130,0.2669404517453799
2012-07-20,0,443,311,132,0.2979683972911964
2012-07-23,0,553,381,172,0.31103074141048825
2012-07-24,0,573,392,181,0.3158813263525305
2012-07-25,1,472,306,166,0.3516949152542373
2012-07-26,1,544,367,177,0.32536764705882354
2012-07-27,1,528,364,164,0.3106060606060606
2012-07-30,0,519,346,173,0.3333333333333333
2012-07-31,0,535,370,165,0.308411214953271
2012-08-01,0,478,328,150,0.3138075313807531
2012-08-02,0,532,358,174,0.32706766917293234
2012-08-03,1,512,358,154,0.30078125
2012-08-06,1,558,397,161,0.2885304659498208
2012-08-07,1,410,291,119,0.29024390243902437
2012-08-08,1,441,308,133,0.30158730158730157
2012-08-09,0,564,388,176,0.3120567375886525
2012-08-10,1,538,379,159,0.2955390334572491
2012-08-13,0,364,275,89,0.2445054945054945
2012-08-14,1,434,305,129,0.29723502304147464
2012-08-15,0,431,307,124,0.2877030162412993
2012-08-16,1,369,237,132,0.35772357723577236
2012-08-17,1,425,296,129,0.3035294117647059
2012-08-20,0,487,346,141,0.28952772073921973
2012-08-21,0,478,323,155,0.32426778242677823
2012-08-22,0,569,373,196,0.3444639718804921
2012-08-23,0,582,400,182,0.3127147766323024
2012-08-24,1,460,324,136,0.2956521739130435
2012-08-27,0,516,352,164,0.3178294573643411
2012-08-28,0,462,310,152,0.329004329004329
2012-08-29,1,557,369,188,0.3375224416517056
2012-08-30,0,514,338,176,0.3424124513618677
2012-08-31,1,502,333,169,0.33665338645418325
2012-09-04,0,446,323,123,0.2757847533632287
2012-09-05,1,454,322,132,0.2907488986784141
2012-09-06,1,453,320,133,0.293598233995585
2012-09-07,1,461,321,140,0.3036876355748373
2012-09-10,0,571,369,202,0.35376532399299476
2012-09-11,1,425,311,114,0.26823529411764707
2012-09-12,1,420,267,153,0.36428571428571427
2012-09-13,1,376,242,134,0.35638297872340424
2012-09-14,1,322,223,99,0.30745341614906835
2012-09-17,0,383,291,92,0.2402088772845953
2012-09-18,1,444,322,122,0.2747747747747748
2012-09-19,1,415,284,131,0.3156626506024096
2012-09-20,1,477,327,150,0.31446540880503143
2012-09-21,0,428,277,151,0.352803738317757
2012-09-24,0,454,301,153,0.3370044052863436
2012-09-25,0,450,324,126,0.28
2012-09-26,0,422,305,117,0.2772511848341232
2012-09-27,1,513,337,176,0.34307992202729043
2012-09-28,0,397,295,102,0.25692695214105793
2012-10-01,1,535,366,169,0.31588785046728973
2012-10-02,0,539,363,176,0.32653061224489793
2012-10-03,1,413,292,121,0.2929782082324455
2012-10-04,1,396,276,120,0.30303030303030304
2012-10-05,1,505,345,160,0.31683168316831684
2012-10-08,0,410,301,109,0.2658536585365854
2012-10-09,0,566,363,203,0.3586572438162544
2012-10-10,0,460,323,137,0.29782608695652174
2012-10-11,0,478,332,146,0.3054393305439331
2012-10-12,1,457,324,133,0.2910284463894967
2012-10-15,1,513,363,150,0.29239766081871343
2012-10-16,1,579,375,204,0.35233160621761656
2012-10-17,1,479,330,149,0.31106471816283926
2012-10-18,0,529,354,175,0.33081285444234404
2012-10-19,0,367,268,99,0.26975476839237056
2012-10-22,1,550,371,179,0.32545454545454544
2012-10-23,0,366,283,83,0.226775956284153
2012-10-24,0,406,309,97,0.23891625615763548
2012-10-25,1,436,327,109,0.25
2012-10-26,1,601,383,218,0.3627287853577371
2012-10-31,0,432,303,129,0.2986111111111111
2012-11-01,1,468,316,152,0.3247863247863248
2012-11-02,0,426,288,138,0.323943661971831
2012-11-05,1,522,367,155,0.29693486590038315
2012-11-06,1,458,327,131,0.28602620087336245
2012-11-07,0,522,357,165,0.3160919540229885
2012-11-08,0,444,317,127,0.28603603603603606
2012-11-09,1,562,356,206,0.3665480427046263
2012-11-12,0,541,350,191,0.35304990757855825
2012-11-13,0,500,340,160,0.32
2012-11-14,0,461,307,154,0.33405639913232105
2012-11-15,0,423,294,129,0.3049645390070922
2012-11-16,1,614,387,227,0.3697068403908795
2012-11-19,1,591,388,203,0.34348561759729274
2012-11-20,0,428,316,112,0.2616822429906542
2012-11-21,1,552,367,185,0.3351449275362319
2012-11-23,1,466,303,163,0.3497854077253219
2012-11-26,0,554,377,177,0.3194945848375451
2012-11-27,0,581,381,200,0.3442340791738382
2012-11-28,1,479,322,157,0.3277661795407098
2012-11-29,1,571,372,199,0.34851138353765326
2012-11-30,1,580,379,201,0.34655172413793106
2012-12-03,0,403,296,107,0.2655086848635236
2012-12-04,0,436,308,128,0.29357798165137616
2012-12-05,1,507,340,167,0.32938856015779094
2012-12-06,1,449,312,137,0.3051224944320713
2012-12-07,1,393,280,113,0.2875318066157761
2012-12-10,1,441,307,134,0.30385487528344673
2012-12-11,1,443,324,119,0.2686230248306998
2012-12-12,0,325,242,83,0.2553846153846154
2012-12-13,0,474,334,140,0.29535864978902954
2012-12-14,0,411,264,147,0.35766423357664234
2012-12-17,1,435,296,139,0.3195402298850575
2012-12-18,1,342,253,89,0.260233918128655
2012-12-19,0,503,328,175,0.34791252485089463
2012-12-20,1,524,342,182,0.3473282442748092
2012-12-21,0,497,333,164,0.3299798792756539
2012-12-24,0,427,296,131,0.30679156908665106
2012-12-26,0,603,419,184,0.30514096185737977
2012-12-27,0,424,309,115,0.27122641509433965
2012-12-28,0,443,318,125,0.28216704288939054
2012-12-31,1,571,389,182,0.318739054290718
2013-01-02,1,481,318,163,0.3388773388773389
2013-01-03,0,338,246,92,0.27218934911242604
2013-01-04,1,494,341,153,0.3097165991902834
2013-01-07,0,365,276,89,0.24383561643835616
2013-01-08,0,416,297,119,0.2860576923076923
2013-01-09,1,433,312,121,0.279445727482679
2013-01-10,1,526,358,168,0.3193916349809886
2013-01-11,1,510,331,179,0.3509803921568627
2013-01-14,1,438,306,132,0.3013698630136986
2013-01-15,1,543,365,178,0.3278084714548803
2013-01-16,0,420,301,119,0.2833333333333333
2013-01-17,1,272,217,55,0.20220588235294118
2013-01-18,1,439,310,129,0.2938496583143508
2013-01-22,1,436,307,129,0.2958715596330275
2013-01-23,1,412,302,110,0.2669902912621359
2013-01-24,1,489,350,139,0.2842535787321063
2013-01-25,1,519,346,173,0.3333333333333333
2013-01-28,0,474,334,140,0.29535864978902954
2013-01-29,1,446,313,133,0.2982062780269058
2013-01-30,0,526,349,177,0.3365019011406844
2013-01-31,0,558,372,186,0.3333333333333333
2013-02-01,1,374,265,109,0.2914438502673797
2013-02-04,0,419,297,122,0.2911694510739857
2013-02-05,1,462,327,135,0.2922077922077922
2013-02-06,1,465,317,148,0.31827956989247314
2013-02-07,0,462,324,138,0.2987012987012987
2013-02-08,1,427,303,124,0.2903981264637002
2013-02-11,0,573,358,215,0.37521815008726006
2013-02-12,1,543,341,202,0.3720073664825046
2013-02-13,0,438,300,138,0.3150684931506849
2013-02-14,0,407,303,104,0.25552825552825553
2013-02-15,1,390,287,103,0.2641025641025641
2013-02-19,1,386,266,120,0.31088082901554404
2013-02-20,0,410,282,128,0.3121951219512195
2013-02-21,0,565,381,184,0.3256637168141593
2013-02-22,1,371,262,109,0.29380053908355797
2013-02-25,0,503,335,168,0.33399602385685884
2013-02-26,1,524,373,151,0.2881679389312977
2013-02-27,1,482,343,139,0.2883817427385892
2013-02-28,0,396,283,113,0.28535353535353536
2013-03-01,1,421,305,116,0.2755344418052256
2013-03-04,1,328,254,74,0.22560975609756098
2013-03-05,1,523,353,170,0.32504780114722753
2013-03-06,1,407,286,121,0.2972972972972973
2013-03-07,1,429,296,133,0.31002331002331
2013-03-08,1,439,271,168,0.3826879271070615
2013-03-11,1,444,294,150,0.33783783783783783
2013-03-12,1,524,345,179,0.3416030534351145
2013-03-13,1,490,338,152,0.31020408163265306
2013-03-14,1,458,335,123,0.2685589519650655
2013-03-15,0,509,347,162,0.3182711198428291
2013-03-18,0,433,302,131,0.302540415704388
2013-03-19,1,481,328,153,0.3180873180873181
2013-03-20,1,480,332,148,0.30833333333333335
2013-03-21,0,525,342,183,0.3485714285714286
2013-03-22,1,396,276,120,0.30303030303030304
2013-03-25,0,481,327,154,0.3201663201663202
2013-03-26,1,438,313,125,0.2853881278538813
2013-03-27,0,502,327,175,0.34860557768924305
2013-03-28,1,353,257,96,0.2719546742209632
2013-04-01,0,480,320,160,0.3333333333333333
2013-04-02,1,392,280,112,0.2857142857142857
2013-04-03,0,462,309,153,0.33116883116883117
2013-04-04,1,445,288,157,0.35280898876404493
2013-04-05,0,393,259,134,0.34096692111959287
2013-04-08,1,379,270,109,0.287598944591029
2013-04-09,1,430,310,120,0.27906976744186046
2013-04-10,1,391,262,129,0.329923273657289
2013-04-11,1,440,309,131,0.29772727272727273
2013-04-12,0,346,254,92,0.2658959537572254
2013-04-15,0,490,340,150,0.30612244897959184
2013-04-16,1,432,280,152,0.35185185185185186
2013-04-17,0,410,287,123,0.3
2013-04-18,0,475,331,144,0.3031578947368421
2013-04-19,1,488,339,149,0.305327868852459
2013-04-22,1,376,271,105,0.27925531914893614
2013-04-23,1,368,266,102,0.27717391304347827
2013-04-24,0,553,375,178,0.321880650994575
2013-04-25,1,505,333,172,0.3405940594059406
2013-04-26,1,472,332,140,0.2966101694915254
2013-04-29,1,428,316,112,0.2616822429906542
2013-04-30,1,314,236,78,0.2484076433121019
2013-05-01,0,455,311,144,0.31648351648351647
2013-05-02,1,459,325,134,0.29193899782135074
2013-05-03,1,402,294,108,0.26865671641791045
2013-05-06,0,570,417,153,0.26842105263157895
2013-05-07,1,501,338,163,0.3253493013972056
2013-05-08,1,388,267,121,0.3118556701030928
2013-05-09,0,440,334,106,0.2409090909090909
2013-05-10,1,389,286,103,0.2647814910025707
2013-05-13,0,434,307,127,0.2926267281105991
2013-05-14,1,400,292,108,0.27
2013-05-15,1,485,336,149,0.30721649484536084
2013-05-16,0,512,346,166,0.32421875
2013-05-17,1,444,322,122,0.2747747747747748
2013-05-20,0,467,324,143,0.30620985010706636
2013-05-21,1,442,315,127,0.2873303167420814
2013-05-22,0,455,316,139,0.3054945054945055
2013-05-23,0,462,306,156,0.33766233766233766
2013-05-24,1,459,328,131,0.28540305010893247
2013-05-28,1,541,370,171,0.31608133086876156
2013-05-29,0,481,329,152,0.316008316008316
2013-05-30,1,530,353,177,0.3339622641509434
2013-05-31,0,424,306,118,0.2783018867924528
2013-06-03,1,522,353,169,0.32375478927203066
2013-06-04,0,407,278,129,0.31695331695331697
2013-06-05,0,390,278,112,0.28717948717948716
2013-06-06,1,420,301,119,0.2833333333333333
2013-06-07,1,374,268,106,0.28342245989304815
2013-06-10,0,444,282,162,0.36486486486486486
2013-06-11,0,460,295,165,0.358695652173913
2013-06-12,0,449,295,154,0.3429844097995546
2013-06-13,1,457,297,160,0.350109409190372
2013-06-14,0,546,344,202,0.36996336996337
2013-06-17,1,540,345,195,0.3611111111111111
2013-06-18,1,515,346,169,0.32815533980582523
2013-06-19,0,531,366,165,0.3107344632768362
2013-06-20,0,464,328,136,0.29310344827586204
2013-06-21,1,420,300,120,0.2857142857142857
2013-06-24,0,369,258,111,0.3008130081300813
2013-06-25,1,544,347,197,0.36213235294117646
2013-06-26,1,554,330,224,0.4043321299638989
2013-06-27,1,491,318,173,0.35234215885947046
2013-06-28,0,531,362,169,0.3182674199623352
2013-07-01,1,429,290,139,0.32400932400932403
2013-07-02,0,557,364,193,0.3464991023339318
2013-07-03,1,418,267,151,0.361244019138756
2013-07-05,1,535,329,206,0.3850467289719626
2013-07-08,1,437,305,132,0.30205949656750575
2013-07-09,1,469,330,139,0.29637526652452023
2013-07-10,0,414,304,110,0.26570048309178745
2013-07-11,1,385,285,100,0.2597402597402597
2013-07-12,1,407,279,128,0.3144963144963145
2013-07-15,1,474,333,141,0.2974683544303797
2013-07-16,0,422,304,118,0.2796208530805687
2013-07-17,1,435,296,139,0.3195402298850575
2013-07-18,1,544,352,192,0.35294117647058826
2013-07-19,0,524,354,170,0.3244274809160305
2013-07-22,1,541,383,158,0.2920517560073937
2013-07-23,1,451,312,139,0.3082039911308204
2013-07-24,0,501,354,147,0.2934131736526946
2013-07-25,1,570,385,185,0.32456140350877194
2013-07-26,1,400,297,103,0.2575
2013-07-29,0,582,384,198,0.3402061855670103
2013-07-30,0,508,351,157,0.3090551181102362
2013-07-31,0,495,353,142,0.2868686868686869
2013-08-01,1,503,347,156,0.3101391650099404
2013-08-02,1,703,445,258,0.3669985775248933
2013-08-05,0,433,306,127,0.29330254041570436
2013-08-06,0,582,391,191,0.3281786941580756
2013-08-07,0,506,333,173,0.34189723320158105
2013-08-08,1,509,336,173,0.33988212180746563
2013-08-09,0,614,415,199,0.3241042345276873
2013-08-12,0,513,355,158,0.3079922027290448
2013-08-13,1,557,377,180,0.3231597845601436
2013-08-14,0,471,332,139,0.2951167728237792
2013-08-15,0,499,350,149,0.2985971943887776
2013-08-16,0,420,287,133,0.31666666666666665
2013-08-19,0,434,282,152,0.35023041474654376
2013-08-20,0,563,354,209,0.37122557726465366
2013-08-21,0,398,273,125,0.314070351758794
2013-08-22,1,502,332,170,0.3386454183266932
2013-08-23,1,555,368,187,0.33693693693693694
2013-08-26,0,629,403,226,0.35930047694753575
2013-08-27,0,383,256,127,0.33159268929503916
2013-08-28,1,390,268,122,0.3128205128205128
2013-08-29,1,612,407,205,0.3349673202614379
2013-08-30,0,484,295,189,0.390495867768595
2013-09-03,1,463,318,145,0.31317494600431967
2013-09-04,1,520,318,202,0.38846153846153847
2013-09-05,1,482,319,163,0.3381742738589212
2013-09-06,0,407,273,134,0.32923832923832924
2013-09-09,1,442,303,139,0.31447963800904977
2013-09-10,1,432,285,147,0.3402777777777778
2013-09-11,1,585,396,189,0.3230769230769231
2013-09-12,0,375,256,119,0.31733333333333336
2013-09-13,1,513,354,159,0.30994152046783624
2013-09-16,1,420,308,112,0.26666666666666666
2013-09-17,1,475,351,124,0.26105263157894737
2013-09-18,1,546,370,176,0.32234432234432236
2013-09-19,0,516,359,157,0.30426356589147285
2013-09-20,0,412,299,113,0.27427184466019416
2013-09-23,0,431,299,132,0.3062645011600928
2013-09-24,0,467,325,142,0.30406852248394006
2013-09-25,0,567,394,173,0.30511463844797176
2013-09-26,1,458,295,163,0.3558951965065502
2013-09-27,0,539,374,165,0.30612244897959184
2013-09-30,0,452,320,132,0.2920353982300885
2013-10-01,1,426,286,140,0.3286384976525822
2013-10-02,0,473,329,144,0.3044397463002114
2013-10-03,0,341,253,88,0.25806451612903225
2013-10-04,1,517,378,139,0.2688588007736944
2013-10-07,0,550,380,170,0.3090909090909091
2013-10-08,0,519,355,164,0.3159922928709056
2013-10-09,1,520,355,165,0.3173076923076923
2013-10-10,1,404,298,106,0.2623762376237624
2013-10-11,1,579,380,199,0.3436960276338515
2013-10-14,1,467,316,151,0.3233404710920771
2013-10-15,0,504,363,141,0.27976190476190477
2013-10-16,1,417,309,108,0.2589928057553957
2013-10-17,0,539,366,173,0.3209647495361781
2013-10-18,1,453,321,132,0.2913907284768212
2013-10-21,0,597,400,197,0.32998324958123953
2013-10-22,1,469,325,144,0.3070362473347548
2013-10-23,0,519,359,160,0.30828516377649323
2013-10-24,1,574,393,181,0.3153310104529617
2013-10-25,1,509,326,183,0.35952848722986247
2013-10-28,0,409,289,120,0.293398533007335
2013-10-29,1,417,274,143,0.34292565947242204
2013-10-30,0,511,327,184,0.36007827788649704
2013-10-31,0,607,369,238,0.39209225700164746
2013-11-01,1,506,326,180,0.3557312252964427
2013-11-04,1,481,333,148,0.3076923076923077
2013-11-05,0,415,290,125,0.30120481927710846
2013-11-06,1,488,351,137,0.2807377049180328
2013-11-07,0,553,376,177,0.32007233273056057
2013-11-08,1,512,336,176,0.34375
2013-11-11,1,491,348,143,0.29124236252545826
2013-11-12,0,550,363,187,0.34
2013-11-13,1,492,325,167,0.3394308943089431
2013-11-14,1,382,285,97,0.25392670157068065
2013-11-15,1,627,418,209,0.3333333333333333
2013-11-18,1,444,330,114,0.25675675675675674
2013-11-19,0,475,322,153,0.32210526315789473
2013-11-20,0,574,394,180,0.313588850174216
2013-11-21,1,515,359,156,0.3029126213592233
2013-11-22,1,462,347,115,0.24891774891774893
2013-11-25,1,471,330,141,0.29936305732484075
2013-11-26,1,626,404,222,0.3546325878594249
2013-11-27,1,630,409,221,0.35079365079365077
2013-11-29,0,477,341,136,0.2851153039832285
2013-12-02,0,537,346,191,0.35567970204841715
2013-12-03,0,486,348,138,0.2839506172839506
2013-12-04,0,467,335,132,0.2826552462526767
2013-12-05,0,448,330,118,0.26339285714285715
2013-12-06,1,348,269,79,0.22701149425287356
2013-12-09,1,465,329,136,0.2924731182795699
2013-12-10,0,503,333,170,0.3379721669980119
2013-12-11,0,367,279,88,0.23978201634877383
2013-12-12,0,478,328,150,0.3138075313807531
2013-12-13,1,491,338,153,0.31160896130346233
2013-12-16,1,447,307,140,0.3131991051454139
2013-12-17,0,549,370,179,0.32604735883424407
2013-12-18,1,496,345,151,0.30443548387096775
2013-12-19,1,512,365,147,0.287109375
2013-12-20,1,470,331,139,0.2957446808510638
2013-12-23,1,514,370,144,0.2801556420233463
2013-12-24,1,456,312,144,0.3157894736842105
2013-12-26,1,448,297,151,0.33705357142857145
2013-12-27,0,369,271,98,0.26558265582655827
2013-12-30,1,445,318,127,0.2853932584269663
2013-12-31,1,495,335,160,0.32323232323232326
2014-01-02,0,498,339,159,0.3192771084337349
2014-01-03,1,455,349,106,0.23296703296703297
2014-01-06,0,479,324,155,0.3235908141962422
2014-01-07,1,380,268,112,0.29473684210526313
2014-01-08,0,577,395,182,0.31542461005199307
2014-01-09,0,443,317,126,0.28442437923250563
2014-01-10,0,457,320,137,0.29978118161925604
2014-01-13,0,547,358,189,0.34552102376599636
2014-01-14,1,475,320,155,0.3263157894736842
2014-01-15,1,456,330,126,0.27631578947368424
2014-01-16,0,404,294,110,0.2722772277227723
2014-01-17,1,471,315,156,0.33121019108280253
2014-01-21,0,495,326,169,0.3414141414141414
2014-01-22,0,468,306,162,0.34615384615384615
2014-01-23,0,423,292,131,0.30969267139479906
2014-01-24,0,511,343,168,0.3287671232876712
2014-01-27,0,476,346,130,0.27310924369747897
2014-01-28,1,541,360,181,0.3345656192236599
2014-01-29,0,492,341,151,0.30691056910569103
2014-01-30,1,506,333,173,0.34189723320158105
2014-01-31,0,438,322,116,0.2648401826484018
2014-02-03,0,529,356,173,0.3270321361058601
2014-02-04,1,550,381,169,0.30727272727272725
2014-02-05,0,513,329,184,0.3586744639376218
2014-02-06,1,507,357,150,0.2958579881656805
2014-02-07,1,565,385,180,0.3185840707964602
2014-02-10,1,538,371,167,0.3104089219330855
2014-02-11,1,462,318,144,0.3116883116883117
2014-02-12,0,586,395,191,0.32593856655290104
2014-02-13,1,370,281,89,0.24054054054054055
2014-02-14,1,488,335,153,0.3135245901639344
2014-02-18,0,550,371,179,0.32545454545454544
2014-02-19,0,388,262,126,0.3247422680412371
2014-02-20,1,502,347,155,0.30876494023904383
2014-02-21,0,484,290,194,0.40082644628099173
2014-02-24,1,434,317,117,0.2695852534562212
2014-02-25,0,421,295,126,0.2992874109263658
2014-02-26,1,455,325,130,0.2857142857142857
2014-02-27,1,458,304,154,0.33624454148471616
2014-02-28,1,465,301,164,0.35268817204301073
2014-03-03,0,473,296,177,0.37420718816067655
2014-03-04,1,491,301,190,0.3869653767820774
2014-03-05,0,478,331,147,0.3075313807531381
2014-03-06,1,463,302,161,0.34773218142548595
2014-03-07,1,361,261,100,0.2770083102493075
2014-03-10,0,357,277,80,0.22408963585434175
2014-03-11,0,462,320,142,0.30735930735930733
2014-03-12,0,437,294,143,0.32723112128146453
2014-03-13,0,460,324,136,0.2956521739130435
2014-03-14,0,405,297,108,0.26666666666666666
2014-03-17,1,369,266,103,0.2791327913279133
2014-03-18,1,439,289,150,0.3416856492027335
2014-03-19,0,556,365,191,0.3435251798561151
2014-03-20,1,651,425,226,0.34715821812596004
2014-03-21,0,553,346,207,0.3743218806509946
2014-03-24,0,358,250,108,0.3016759776536313
2014-03-25,1,421,286,135,0.32066508313539194
2014-03-26,0,547,367,180,0.3290676416819013
2014-03-27,0,473,323,150,0.3171247357293869
2014-03-28,1,389,261,128,0.32904884318766064
2014-03-31,1,359,252,107,0.298050139275766
2014-04-01,1,462,330,132,0.2857142857142857
2014-04-02,1,558,369,189,0.3387096774193548
2014-04-03,0,488,324,164,0.3360655737704918
2014-04-04,0,446,302,144,0.32286995515695066
2014-04-07,0,410,281,129,0.3146341463414634
2014-04-08,1,491,343,148,0.3014256619144603
2014-04-09,1,509,348,161,0.3163064833005894
2014-04-10,0,494,342,152,0.3076923076923077
2014-04-11,0,572,371,201,0.3513986013986014
2014-04-14,1,495,333,162,0.32727272727272727
2014-04-15,1,390,268,122,0.3128205128205128
2014-04-16,1,334,227,107,0.3203592814371258
2014-04-17,0,376,258,118,0.31382978723404253
2014-04-21,1,560,364,196,0.35
2014-04-22,1,422,306,116,0.27488151658767773
2014-04-23,0,390,261,129,0.33076923076923076
2014-04-24,0,441,285,156,0.35374149659863946
2014-04-25,0,483,328,155,0.32091097308488614
2014-04-28,1,359,280,79,0.2200557103064067
2014-04-29,1,362,261,101,0.27900552486187846
2014-04-30,1,438,311,127,0.2899543378995434
2014-05-01,0,463,316,147,0.3174946004319654
2014-05-02,0,412,270,142,0.3446601941747573
2014-05-05,1,339,241,98,0.2890855457227139
2014-05-06,0,491,343,148,0.3014256619144603
2014-05-07,1,489,323,166,0.3394683026584867
2014-05-08,1,396,276,120,0.30303030303030304
2014-05-09,1,335,253,82,0.24477611940298508
2014-05-12,1,379,274,105,0.2770448548812665
2014-05-13,1,462,330,132,0.2857142857142857
2014-05-14,0,410,296,114,0.2780487804878049
2014-05-15,0,465,321,144,0.3096774193548387
2014-05-16,1,461,300,161,0.3492407809110629
2014-05-19,1,406,289,117,0.2881773399014778
2014-05-20,0,537,379,158,0.2942271880819367
2014-05-21,1,391,274,117,0.29923273657289
2014-05-22,1,448,328,120,0.26785714285714285
2014-05-23,1,463,326,137,0.2958963282937365
2014-05-27,1,440,326,114,0.2590909090909091
2014-05-28,0,469,318,151,0.32196162046908317
2014-05-29,1,396,282,114,0.2878787878787879
2014-05-30,1,345,272,73,0.21159420289855072
2014-06-02,1,392,295,97,0.24744897959183673
2014-06-03,0,575,389,186,0.3234782608695652
2014-06-04,1,568,375,193,0.3397887323943662
2014-06-05,1,479,343,136,0.2839248434237996
2014-06-06,1,430,316,114,0.2651162790697674
2014-06-09,1,571,399,172,0.30122591943957966
2014-06-10,1,447,323,124,0.27740492170022374
2014-06-11,0,516,354,162,0.313953488372093
2014-06-12,0,430,296,134,0.3116279069767442
2014-06-13,1,397,274,123,0.30982367758186397
2014-06-16,1,523,361,162,0.30975143403441685
2014-06-17,1,368,273,95,0.25815217391304346
2014-06-18,1,482,324,158,0.3278008298755187
2014-06-19,1,548,378,170,0.3102189781021898
2014-06-20,1,444,306,138,0.3108108108108108
2014-06-23,0,382,275,107,0.2801047120418848
2014-06-24,0,402,303,99,0.2462686567164179
2014-06-25,1,477,338,139,0.2914046121593291
2014-06-26,0,445,322,123,0.27640449438202247
2014-06-27,1,493,330,163,0.3306288032454361
2014-06-30,0,419,300,119,0.2840095465393795
2014-07-01,1,460,333,127,0.27608695652173915
2014-07-02,1,357,269,88,0.24649859943977592
2014-07-03,1,421,311,110,0.26128266033254155
2014-07-07,0,401,296,105,0.26184538653366585
2014-07-08,0,467,318,149,0.31905781584582443
2014-07-09,1,395,290,105,0.26582278481012656
2014-07-10,0,434,316,118,0.271889400921659
2014-07-11,1,398,273,125,0.314070351758794
2014-07-14,1,439,291,148,0.33712984054669703
2014-07-15,1,442,331,111,0.251131221719457
2014-07-16,1,432,298,134,0.3101851851851852
2014-07-17,0,385,269,116,0.3012987012987013
2014-07-18,1,405,284,121,0.29876543209876544
2014-07-21,0,429,288,141,0.32867132867132864
2014-07-22,1,411,273,138,0.3357664233576642
2014-07-23,0,394,267,127,0.3223350253807107
2014-07-24,0,433,301,132,0.30484988452655887
2014-07-25,0,459,296,163,0.355119825708061
2014-07-28,1,444,293,151,0.3400900900900901
2014-07-29,0,417,283,134,0.3213429256594724
2014-07-30,0,398,282,116,0.2914572864321608
2014-07-31,0,416,277,139,0.33413461538461536
2014-08-01,0,398,283,115,0.2889447236180904
2014-08-04,1,437,309,128,0.2929061784897025
2014-08-05,0,476,324,152,0.31932773109243695
2014-08-06,1,461,313,148,0.3210412147505423
2014-08-07,0,331,248,83,0.25075528700906347
2014-08-08,1,273,216,57,0.2087912087912088
2014-08-11,1,475,306,169,0.35578947368421054
2014-08-12,0,384,273,111,0.2890625
2014-08-13,1,437,314,123,0.2814645308924485
2014-08-14,1,483,339,144,0.2981366459627329
2014-08-15,0,461,326,135,0.2928416485900217
2014-08-18,1,468,333,135,0.28846153846153844
2014-08-19,1,436,304,132,0.30275229357798167
2014-08-20,1,402,294,108,0.26865671641791045
2014-08-21,1,430,301,129,0.3
2014-08-22,0,452,305,147,0.3252212389380531
2014-08-25,1,419,310,109,0.26014319809069214
2014-08-26,1,422,299,123,0.2914691943127962
2014-08-27,1,508,341,167,0.328740157480315
2014-08-28,0,428,292,136,0.3177570093457944
2014-08-29,1,407,279,128,0.3144963144963145
2014-09-02,0,564,373,191,0.33865248226950356
2014-09-03,1,344,234,110,0.31976744186046513
2014-09-04,0,398,256,142,0.35678391959798994
2014-09-05,1,458,316,142,0.31004366812227074
2014-09-08,0,425,311,114,0.26823529411764707
2014-09-09,0,353,260,93,0.26345609065155806
2014-09-10,1,408,299,109,0.26715686274509803
2014-09-11,0,414,287,127,0.30676328502415456
2014-09-12,0,502,328,174,0.3466135458167331
2014-09-15,1,421,285,136,0.32304038004750596
2014-09-16,1,464,334,130,0.2801724137931034
2014-09-17,1,498,339,159,0.3192771084337349
2014-09-18,1,424,295,129,0.30424528301886794
2014-09-19,1,343,254,89,0.2594752186588921
2014-09-22,0,472,328,144,0.3050847457627119
2014-09-23,0,371,261,110,0.29649595687331537
2014-09-24,1,366,249,117,0.319672131147541
2014-09-25,0,437,318,119,0.2723112128146453
2014-09-26,1,506,356,150,0.2964426877470356
2014-09-29,0,428,291,137,0.32009345794392524
2014-09-30,0,607,396,211,0.34761120263591433
2014-10-01,0,493,338,155,0.3144016227180527
2014-10-02,0,536,375,161,0.3003731343283582
2014-10-03,1,352,267,85,0.24147727272727273
2014-10-06,0,467,326,141,0.3019271948608137
2014-10-07,0,443,327,116,0.2618510158013544
2014-10-08,1,534,358,176,0.3295880149812734
2014-10-09,0,495,343,152,0.30707070707070705
2014-10-10,0,445,319,126,0.28314606741573034
2014-10-13,0,381,279,102,0.2677165354330709
2014-10-14,0,355,260,95,0.2676056338028169
2014-10-15,0,500,336,164,0.328
2014-10-16,0,506,343,163,0.3221343873517787
2014-10-17,1,425,308,117,0.2752941176470588
2014-10-20,1,377,287,90,0.23872679045092837
2014-10-21,1,502,347,155,0.30876494023904383
2014-10-22,0,480,343,137,0.28541666666666665
2014-10-23,1,416,292,124,0.2980769230769231
2014-10-24,1,474,330,144,0.3037974683544304
2014-10-27,1,320,246,74,0.23125
2014-10-28,1,417,299,118,0.2829736211031175
2014-10-29,0,509,350,159,0.31237721021611004
2014-10-30,1,393,283,110,0.27989821882951654
2014-10-31,1,473,344,129,0.2727272727272727
2014-11-03,0,336,264,72,0.21428571428571427
2014-11-04,1,403,306,97,0.24069478908188585
2014-11-05,1,421,300,121,0.28741092636579574
2014-11-06,1,467,322,145,0.31049250535331907
2014-11-07,1,480,333,147,0.30625
2014-11-10,1,408,299,109,0.26715686274509803
2014-11-11,1,434,297,137,0.315668202764977
2014-11-12,0,429,305,124,0.289044289044289
2014-11-13,1,434,290,144,0.3317972350230415
2014-11-14,0,467,324,143,0.30620985010706636
2014-11-17,1,353,263,90,0.254957507082153
2014-11-18,1,429,311,118,0.27505827505827507
2014-11-19,0,383,264,119,0.31070496083550914
2014-11-20,1,474,331,143,0.30168776371308015
2014-11-21,1,490,344,146,0.2979591836734694
2014-11-24,1,437,312,125,0.28604118993135014
2014-11-25,0,455,331,124,0.2725274725274725
2014-11-26,1,447,316,131,0.2930648769574944
2014-11-28,1,488,318,170,0.3483606557377049
2014-12-01,0,432,318,114,0.2638888888888889
2014-12-02,1,439,318,121,0.275626423690205
2014-12-03,1,600,388,212,0.35333333333333333
2014-12-04,0,557,377,180,0.3231597845601436
2014-12-05,1,429,306,123,0.2867132867132867
2014-12-08,0,501,337,164,0.3273453093812375
2014-12-09,0,411,302,109,0.26520681265206814
2014-12-10,0,469,319,150,0.31982942430703626
2014-12-11,1,521,352,169,0.32437619961612285
2014-12-12,0,470,331,139,0.2957446808510638
2014-12-15,0,499,353,146,0.2925851703406814
2014-12-16,0,377,266,111,0.29442970822281167
2014-12-17,1,446,305,141,0.31614349775784756
2014-12-18,1,499,332,167,0.3346693386773547
2014-12-19,1,470,344,126,0.2680851063829787
2014-12-22,1,502,342,160,0.3187250996015936
2014-12-23,1,463,318,145,0.31317494600431967
2014-12-24,1,381,292,89,0.2335958005249344
2014-12-26,1,481,309,172,0.3575883575883576
2014-12-29,0,349,269,80,0.22922636103151864
2014-12-30,0,423,285,138,0.3262411347517731
2014-12-31,0,381,270,111,0.29133858267716534
2015-01-02,1,519,355,164,0.3159922928709056
2015-01-05,0,494,341,153,0.3097165991902834
2015-01-06,0,434,320,114,0.2626728110599078
2015-01-07,1,501,337,164,0.3273453093812375
2015-01-08,1,414,279,135,0.32608695652173914
2015-01-09,0,448,292,156,0.3482142857142857
2015-01-12,0,433,294,139,0.3210161662817552
2015-01-13,0,358,258,100,0.27932960893854747
2015-01-14,0,455,324,131,0.2879120879120879
2015-01-15,0,403,295,108,0.2679900744416873
2015-01-16,1,462,306,156,0.33766233766233766
2015-01-20,1,410,308,102,0.24878048780487805
2015-01-21,1,444,310,134,0.30180180180180183
2015-01-22,1,505,351,154,0.30495049504950494
2015-01-23,0,369,268,101,0.27371273712737126
2015-01-26,1,402,282,120,0.29850746268656714
2015-01-27,0,390,277,113,0.28974358974358977
2015-01-28,0,373,287,86,0.23056300268096513
2015-01-29,1,400,296,104,0.26
2015-01-30,0,399,301,98,0.24561403508771928
2015-02-02,1,510,364,146,0.28627450980392155
2015-02-03,1,433,299,134,0.3094688221709007
2015-02-04,1,330,229,101,0.30606060606060603
2015-02-05,1,328,238,90,0.27439024390243905
2015-02-06,0,494,332,162,0.32793522267206476
2015-02-09,0,344,266,78,0.22674418604651161
2015-02-10,1,424,311,113,0.2665094339622642
2015-02-11,0,441,317,124,0.2811791383219955
2015-02-12,1,394,308,86,0.2182741116751269
2015-02-13,1,390,298,92,0.2358974358974359
2015-02-17,1,417,308,109,0.26139088729016785
2015-02-18,0,379,289,90,0.23746701846965698
2015-02-19,0,492,319,173,0.3516260162601626
2015-02-20,1,499,357,142,0.2845691382765531
2015-02-23,0,434,301,133,0.3064516129032258
2015-02-24,1,374,281,93,0.24866310160427807
2015-02-25,1,500,356,144,0.288
2015-02-26,0,457,296,161,0.3522975929978118
2015-02-27,0,435,313,122,0.28045977011494255
2015-03-02,1,441,327,114,0.2585034013605442
2015-03-03,0,446,319,127,0.28475336322869954
2015-03-04,0,489,330,159,0.32515337423312884
2015-03-05,1,605,379,226,0.37355371900826445
2015-03-06,0,457,328,129,0.28227571115973743
2015-03-09,1,475,336,139,0.2926315789473684
2015-03-10,0,489,349,140,0.28629856850715746
2015-03-11,0,400,293,107,0.2675
2015-03-12,1,528,354,174,0.32954545454545453
2015-03-13,0,462,324,138,0.2987012987012987
2015-03-16,1,485,324,161,0.3319587628865979
2015-03-17,0,525,370,155,0.29523809523809524
2015-03-18,1,475,334,141,0.2968421052631579
2015-03-19,0,485,336,149,0.30721649484536084
2015-03-20,1,556,377,179,0.32194244604316546
2015-03-23,0,374,287,87,0.232620320855615
2015-03-24,0,427,327,100,0.234192037470726
2015-03-25,0,470,344,126,0.2680851063829787
2015-03-26,0,463,322,141,0.3045356371490281
2015-03-27,1,474,347,127,0.2679324894514768
2015-03-30,1,458,327,131,0.28602620087336245
2015-03-31,0,549,385,164,0.2987249544626594
2015-04-01,0,379,281,98,0.25857519788918204
2015-04-02,1,516,356,160,0.31007751937984496
2015-04-06,1,422,299,123,0.2914691943127962
2015-04-07,0,449,328,121,0.26948775055679286
2015-04-08,1,486,351,135,0.2777777777777778
2015-04-09,1,439,297,142,0.3234624145785877
2015-04-10,1,572,388,184,0.32167832167832167
2015-04-13,0,440,320,120,0.2727272727272727
2015-04-14,1,466,326,140,0.30042918454935624
2015-04-15,1,504,357,147,0.2916666666666667
2015-04-16,0,397,293,104,0.2619647355163728
2015-04-17,0,421,307,114,0.27078384798099764
2015-04-20,1,480,329,151,0.3145833333333333
2015-04-21,0,481,334,147,0.30561330561330563
2015-04-22,1,485,332,153,0.3154639175257732
2015-04-23,1,545,370,175,0.3211009174311927
2015-04-24,1,459,311,148,0.3224400871459695
2015-04-27,0,395,286,109,0.2759493670886076
2015-04-28,1,504,351,153,0.30357142857142855
2015-04-29,0,490,344,146,0.2979591836734694
2015-04-30,0,399,291,108,0.2706766917293233
2015-05-01,1,481,345,136,0.28274428274428276
2015-05-04,1,571,393,178,0.3117338003502627
2015-05-05,0,404,297,107,0.26485148514851486
2015-05-06,0,474,325,149,0.3143459915611814
2015-05-07,1,431,302,129,0.29930394431554525
2015-05-08,1,342,257,85,0.24853801169590642
2015-05-11,0,576,397,179,0.3107638888888889
2015-05-12,0,434,312,122,0.28110599078341014
2015-05-13,0,547,377,170,0.31078610603290674
2015-05-14,1,448,334,114,0.2544642857142857
2015-05-15,1,558,368,190,0.34050179211469533
2015-05-18,1,466,337,129,0.27682403433476394
2015-05-19,1,574,377,197,0.343205574912892
2015-05-20,0,569,383,186,0.3268892794376098
2015-05-21,1,393,286,107,0.272264631043257
2015-05-22,0,492,350,142,0.2886178861788618
2015-05-26,0,536,353,183,0.3414179104477612
2015-05-27,1,441,304,137,0.31065759637188206
2015-05-28,0,463,329,134,0.2894168466522678
2015-05-29,0,579,372,207,0.35751295336787564
2015-06-01,1,459,327,132,0.2875816993464052
2015-06-02,0,464,336,128,0.27586206896551724
2015-06-03,1,462,325,137,0.29653679653679654
2015-06-04,0,467,350,117,0.2505353319057816
2015-06-05,0,494,351,143,0.2894736842105263
2015-06-08,0,472,333,139,0.2944915254237288
2015-06-09,0,511,331,180,0.3522504892367906
2015-06-10,1,445,321,124,0.2786516853932584
2015-06-11,1,445,324,121,0.27191011235955054
2015-06-12,0,554,379,175,0.315884476534296
2015-06-15,0,394,297,97,0.24619289340101522
2015-06-16,1,531,355,176,0.3314500941619586
2015-06-17,1,502,349,153,0.3047808764940239
2015-06-18,1,468,332,136,0.2905982905982906
2015-06-19,0,507,367,140,0.27613412228796846
2015-06-22,1,534,371,163,0.3052434456928839
2015-06-23,1,496,363,133,0.26814516129032256
2015-06-24,0,431,293,138,0.32018561484918795
2015-06-25,0,415,309,106,0.25542168674698795
2015-06-26,1,350,273,77,0.22
2015-06-29,0,455,322,133,0.2923076923076923
2015-06-30,1,416,300,116,0.27884615384615385
2015-07-01,1,472,326,146,0.3093220338983051
2015-07-02,0,556,366,190,0.34172661870503596
2015-07-06,0,518,356,162,0.3127413127413127
2015-07-07,1,498,343,155,0.3112449799196787
2015-07-08,0,479,351,128,0.267223382045929
2015-07-09,1,389,287,102,0.2622107969151671
2015-07-10,1,458,318,140,0.3056768558951965
2015-07-13,1,404,303,101,0.25
2015-07-14,1,472,322,150,0.3177966101694915
2015-07-15,0,487,348,139,0.28542094455852157
2015-07-16,1,508,346,162,0.3188976377952756
2015-07-17,0,536,350,186,0.34701492537313433
2015-07-20,1,367,279,88,0.23978201634877383
2015-07-21,0,578,400,178,0.3079584775086505
2015-07-22,0,530,384,146,0.27547169811320754
2015-07-23,0,481,348,133,0.2765072765072765
2015-07-24,0,477,320,157,0.32914046121593293
2015-07-27,0,521,355,166,0.31861804222648754
2015-07-28,1,416,304,112,0.2692307692307692
2015-07-29,1,520,372,148,0.2846153846153846
2015-07-30,0,493,347,146,0.2961460446247465
2015-07-31,0,532,360,172,0.3233082706766917
2015-08-03,0,462,335,127,0.2748917748917749
2015-08-04,0,506,344,162,0.3201581027667984
2015-08-05,0,491,346,145,0.2953156822810591
2015-08-06,0,534,373,161,0.301498127340824
2015-08-07,0,606,403,203,0.334983498349835
2015-08-10,1,434,312,122,0.28110599078341014
2015-08-11,0,525,359,166,0.3161904761904762
2015-08-12,0,469,319,150,0.31982942430703626
2015-08-13,1,521,352,169,0.32437619961612285
2015-08-14,1,432,324,108,0.25
2015-08-17,1,389,288,101,0.2596401028277635
2015-08-18,0,440,312,128,0.2909090909090909
2015-08-19,0,525,357,168,0.32
2015-08-20,0,508,346,162,0.3188976377952756
2015-08-21,0,509,346,163,0.32023575638506874
2015-08-24,0,432,296,136,0.3148148148148148
2015-08-25,0,398,280,118,0.2964824120603015
2015-08-26,1,529,363,166,0.31379962192816635
2015-08-27,1,523,351,172,0.32887189292543023
2015-08-28,0,531,367,164,0.3088512241054614
2015-08-31,0,508,364,144,0.28346456692913385
2015-09-01,0,512,343,169,0.330078125
2015-09-02,1,463,323,140,0.3023758099352052
2015-09-03,1,505,347,158,0.31287128712871287
2015-09-04,0,413,303,110,0.26634382566585957
2015-09-08,1,505,329,176,0.3485148514851485
2015-09-09,0,413,302,111,0.2687651331719128
2015-09-10,1,462,334,128,0.27705627705627706
2015-09-11,1,386,295,91,0.23575129533678757
2015-09-14,0,505,363,142,0.2811881188118812
2015-09-15,1,445,308,137,0.30786516853932583
2015-09-16,1,499,361,138,0.27655310621242485
2015-09-17,0,476,334,142,0.29831932773109243
2015-09-18,0,355,265,90,0.2535211267605634
2015-09-21,1,470,334,136,0.28936170212765955
2015-09-22,0,527,362,165,0.31309297912713474
2015-09-23,0,505,363,142,0.2811881188118812
2015-09-24,0,427,304,123,0.28805620608899296
2015-09-25,1,370,283,87,0.23513513513513515
2015-09-28,0,412,291,121,0.2936893203883495
2015-09-29,1,612,408,204,0.3333333333333333
2015-09-30,1,486,337,149,0.3065843621399177
2015-10-01,0,396,277,119,0.3005050505050505
2015-10-02,1,434,305,129,0.29723502304147464
2015-10-05,1,491,349,142,0.2892057026476578
2015-10-06,1,498,346,152,0.30522088353413657
2015-10-07,1,436,313,123,0.28211009174311924
2015-10-08,1,377,281,96,0.2546419098143236
2015-10-09,1,481,319,162,0.3367983367983368
2015-10-12,1,468,335,133,0.2841880341880342
2015-10-13,0,322,258,64,0.19875776397515527
2015-10-14,0,592,385,207,0.34966216216216217
2015-10-15,1,472,328,144,0.3050847457627119
2015-10-16,1,389,287,102,0.2622107969151671
2015-10-19,1,452,325,127,0.2809734513274336
2015-10-20,0,486,341,145,0.29835390946502055
2015-10-21,0,518,364,154,0.2972972972972973
2015-10-22,1,563,386,177,0.31438721136767317
2015-10-23,1,497,342,155,0.3118712273641851
2015-10-26,0,452,322,130,0.28761061946902655
2015-10-27,0,526,359,167,0.31749049429657794
2015-10-28,1,407,291,116,0.28501228501228504
2015-10-29,0,553,370,183,0.3309222423146474
2015-10-30,0,459,329,130,0.28322440087145967
2015-11-02,1,419,291,128,0.3054892601431981
2015-11-03,1,604,379,225,0.37251655629139074
2015-11-04,0,562,376,186,0.3309608540925267
2015-11-05,0,408,289,119,0.2916666666666667
2015-11-06,1,539,365,174,0.3228200371057514
2015-11-09,0,402,290,112,0.27860696517412936
2015-11-10,1,517,385,132,0.2553191489361702
2015-11-11,0,510,347,163,0.3196078431372549
2015-11-12,0,536,387,149,0.27798507462686567
2015-11-13,0,439,306,133,0.30296127562642367
2015-11-16,1,337,229,108,0.32047477744807124
2015-11-17,1,393,259,134,0.34096692111959287
2015-11-18,1,393,266,127,0.3231552162849873
2015-11-19,0,400,274,126,0.315
2015-11-20,1,456,314,142,0.31140350877192985
2015-11-23,0,407,304,103,0.25307125307125306
2015-11-24,1,374,264,110,0.29411764705882354
2015-11-25,1,359,245,114,0.31754874651810583
2015-11-27,0,417,293,124,0.2973621103117506
2015-11-30,0,418,294,124,0.2966507177033493
2015-12-01,1,381,288,93,0.2440944881889764
2015-12-02,0,350,264,86,0.24571428571428572
2015-12-03,0,450,327,123,0.2733333333333333
2015-12-04,1,404,290,114,0.28217821782178215
2015-12-07,0,410,291,119,0.29024390243902437
2015-12-08,0,538,367,171,0.31784386617100374
2015-12-09,0,497,336,161,0.323943661971831
2015-12-10,1,531,361,170,0.32015065913371
2015-12-11,0,481,317,164,0.340956340956341
2015-12-14,1,367,274,93,0.25340599455040874
2015-12-15,1,465,326,139,0.2989247311827957
2015-12-16,1,496,347,149,0.3004032258064516
2015-12-17,0,410,297,113,0.275609756097561
2015-12-18,0,371,291,80,0.215633423180593
2015-12-21,1,400,300,100,0.25
2015-12-22,1,351,277,74,0.21082621082621084
2015-12-23,1,397,297,100,0.2518891687657431
2015-12-24,0,493,359,134,0.2718052738336714
2015-12-28,0,447,303,144,0.3221476510067114
2015-12-29,1,387,279,108,0.27906976744186046
2015-12-30,0,367,269,98,0.2670299727520436
2015-12-31,0,515,345,170,0.3300970873786408
2016-01-04,0,377,267,110,0.2917771883289125
2016-01-05,1,522,360,162,0.3103448275862069
2016-01-06,0,376,288,88,0.23404255319148937
2016-01-07,0,474,338,136,0.2869198312236287
2016-01-08,0,509,364,145,0.28487229862475444
2016-01-11,1,410,289,121,0.2951219512195122
2016-01-12,1,327,244,83,0.25382262996941896
2016-01-13,0,431,309,122,0.28306264501160094
2016-01-14,1,406,294,112,0.27586206896551724
2016-01-15,0,335,233,102,0.3044776119402985
2016-01-19,1,433,308,125,0.28868360277136257
2016-01-20,0,407,291,116,0.28501228501228504
2016-01-21,1,534,348,186,0.34831460674157305
2016-01-22,1,372,278,94,0.25268817204301075
2016-01-25,0,420,304,116,0.2761904761904762
2016-01-26,1,412,306,106,0.25728155339805825
2016-01-27,0,469,311,158,0.3368869936034115
2016-01-28,1,354,267,87,0.2457627118644068
2016-01-29,1,357,273,84,0.23529411764705882
2016-02-01,0,479,350,129,0.26931106471816285
2016-02-02,0,447,308,139,0.31096196868008946
2016-02-03,1,455,313,142,0.3120879120879121
2016-02-04,1,489,347,142,0.2903885480572597
2016-02-05,0,535,370,165,0.308411214953271
2016-02-08,0,451,318,133,0.29490022172949004
2016-02-09,0,360,281,79,0.21944444444444444
2016-02-10,0,351,261,90,0.2564102564102564
2016-02-11,0,486,340,146,0.3004115226337449
2016-02-12,1,437,307,130,0.2974828375286041
2016-02-16,1,543,365,178,0.3278084714548803
2016-02-17,1,416,303,113,0.27163461538461536
2016-02-18,0,413,315,98,0.23728813559322035
2016-02-19,0,400,289,111,0.2775
2016-02-22,1,480,334,146,0.30416666666666664
2016-02-23,0,373,280,93,0.24932975871313673
2016-02-24,1,440,330,110,0.25
2016-02-25,1,493,338,155,0.3144016227180527
2016-02-26,0,422,321,101,0.23933649289099526
2016-02-29,0,488,351,137,0.2807377049180328
2016-03-01,1,438,319,119,0.271689497716895
2016-03-02,1,477,331,146,0.3060796645702306
2016-03-03,1,443,313,130,0.29345372460496616
2016-03-04,1,401,312,89,0.22194513715710723
2016-03-07,1,425,297,128,0.30117647058823527
2016-03-08,0,397,281,116,0.29219143576826195
2016-03-09,1,422,313,109,0.25829383886255924
2016-03-10,0,493,331,162,0.3286004056795132
2016-03-11,1,381,295,86,0.22572178477690288
2016-03-14,1,471,333,138,0.2929936305732484
2016-03-15,1,398,298,100,0.25125628140703515
2016-03-16,1,421,291,130,0.3087885985748218
2016-03-17,1,415,304,111,0.2674698795180723
2016-03-18,1,499,366,133,0.2665330661322645
2016-03-21,1,400,304,96,0.24
2016-03-22,0,410,288,122,0.2975609756097561
2016-03-23,0,490,325,165,0.336734693877551
2016-03-24,1,412,289,123,0.29854368932038833
2016-03-28,1,498,343,155,0.3112449799196787
2016-03-29,1,430,312,118,0.2744186046511628
2016-03-30,1,476,342,134,0.2815126050420168
2016-03-31,0,499,338,161,0.3226452905811623
2016-04-01,1,540,369,171,0.31666666666666665
2016-04-04,0,454,291,163,0.3590308370044053
2016-04-05,0,451,306,145,0.3215077605321508
2016-04-06,1,289,222,67,0.23183391003460208
2016-04-07,0,359,258,101,0.28133704735376047
2016-04-08,1,451,311,140,0.31042128603104213
2016-04-11,0,471,316,155,0.32908704883227174
2016-04-12,1,408,279,129,0.3161764705882353
2016-04-13,1,394,287,107,0.2715736040609137
2016-04-14,1,473,335,138,0.2917547568710359
2016-04-15,0,395,301,94,0.2379746835443038
2016-04-18,1,459,328,131,0.28540305010893247
2016-04-19,1,418,307,111,0.26555023923444976
2016-04-20,1,370,275,95,0.25675675675675674
2016-04-21,0,517,331,186,0.3597678916827853
2016-04-22,1,395,288,107,0.2708860759493671
2016-04-25,0,553,358,195,0.352622061482821
2016-04-26,1,340,262,78,0.22941176470588234
2016-04-27,1,460,331,129,0.28043478260869564
2016-04-28,0,489,359,130,0.2658486707566462
2016-04-29,0,435,324,111,0.25517241379310346
2016-05-02,1,449,329,120,0.267260579064588
2016-05-03,0,465,328,137,0.2946236559139785
2016-05-04,0,477,330,147,0.3081761006289308
2016-05-05,1,409,307,102,0.24938875305623473
2016-05-06,1,472,337,135,0.2860169491525424
2016-05-09,0,451,324,127,0.28159645232815966
2016-05-10,1,497,347,150,0.30181086519114686
2016-05-11,0,525,366,159,0.3028571428571429
2016-05-12,1,435,314,121,0.27816091954022987
2016-05-13,0,565,388,177,0.31327433628318585
2016-05-16,1,508,363,145,0.2854330708661417
2016-05-17,0,501,362,139,0.2774451097804391
2016-05-18,0,462,317,145,0.31385281385281383
2016-05-19,0,459,323,136,0.2962962962962963
2016-05-20,1,398,286,112,0.2814070351758794
2016-05-23,0,442,298,144,0.3257918552036199
2016-05-24,1,546,381,165,0.3021978021978022
2016-05-25,1,466,330,136,0.2918454935622318
2016-05-26,0,414,298,116,0.28019323671497587
2016-05-27,1,608,388,220,0.3618421052631579
2016-05-31,0,497,358,139,0.2796780684104628
2016-06-01,1,548,375,173,0.3156934306569343
2016-06-02,1,452,327,125,0.27654867256637167
2016-06-03,0,472,342,130,0.2754237288135593
2016-06-06,1,445,324,121,0.27191011235955054
2016-06-07,1,435,322,113,0.2597701149425287
2016-06-08,1,483,344,139,0.28778467908902694
2016-06-09,0,512,365,147,0.287109375
2016-06-10,0,565,378,187,0.3309734513274336
2016-06-13,0,389,286,103,0.2647814910025707
2016-06-14,0,410,298,112,0.2731707317073171
2016-06-15,0,438,313,125,0.2853881278538813
2016-06-16,1,557,376,181,0.3249551166965889
2016-06-17,0,374,276,98,0.2620320855614973
2016-06-20,1,557,392,165,0.296229802513465
2016-06-21,1,545,353,192,0.3522935779816514
2016-06-22,0,528,362,166,0.3143939393939394
2016-06-23,1,416,312,104,0.25
2016-06-24,0,403,243,160,0.3970223325062035
2016-06-27,0,405,268,137,0.33827160493827163
2016-06-28,1,461,317,144,0.3123644251626898
2016-06-29,1,415,287,128,0.30843373493975906
2016-06-30,1,475,331,144,0.3031578947368421
2016-07-01,1,545,381,164,0.30091743119266057
